{"file_name":"shoulder_plate_l","texture_size":[64,64],"textures":{"992ba430-b248-e651-8526-5341ec14ec25":"modelengine:entity/general_armor"},"elements":[{"name":"cube","from":[9.112107,5.4332104,3.3134704],"to":[11.962731,6.247674,4.942398],"rotation":{"angle":0.0,"axis":"x","origin":[13.21612,5.421449,5.049036]},"faces":{"down":{"uv":[5.75,1.25,6.5,1.0],"rotation":0,"texture":"#992ba430-b248-e651-8526-5341ec14ec25","tintindex":0},"east":{"uv":[6.5,1.0,5.75,1.25],"rotation":0,"texture":"#992ba430-b248-e651-8526-5341ec14ec25","tintindex":0},"north":{"uv":[6.5,1.0,5.75,1.25],"rotation":0,"texture":"#992ba430-b248-e651-8526-5341ec14ec25","tintindex":0},"south":{"uv":[6.5,1.0,5.75,1.25],"rotation":0,"texture":"#992ba430-b248-e651-8526-5341ec14ec25","tintindex":0},"up":{"uv":[6.5,1.25,5.75,1.0],"rotation":0,"texture":"#992ba430-b248-e651-8526-5341ec14ec25","tintindex":0},"west":{"uv":[6.5,1.0,5.75,1.25],"rotation":0,"texture":"#992ba430-b248-e651-8526-5341ec14ec25","tintindex":0}}},{"name":"cube","from":[0.032719135,6.2277656,5.379256],"to":[6.5484314,7.04223,6.19372],"rotation":{"angle":22.5,"axis":"y","origin":[4.7131467,6.898505,-3.3843656]},"faces":{"down":{"uv":[5.75,0.5,7.75,0.75],"rotation":0,"texture":"#992ba430-b248-e651-8526-5341ec14ec25","tintindex":0},"east":{"uv":[5.75,0.5,7.75,0.75],"rotation":0,"texture":"#992ba430-b248-e651-8526-5341ec14ec25","tintindex":0},"north":{"uv":[5.75,0.5,7.75,0.75],"rotation":0,"texture":"#992ba430-b248-e651-8526-5341ec14ec25","tintindex":0},"south":{"uv":[5.75,0.5,7.75,0.75],"rotation":0,"texture":"#992ba430-b248-e651-8526-5341ec14ec25","tintindex":0},"up":{"uv":[5.75,0.5,7.75,0.75],"rotation":0,"texture":"#992ba430-b248-e651-8526-5341ec14ec25","tintindex":0},"west":{"uv":[5.75,0.5,7.75,0.75],"rotation":0,"texture":"#992ba430-b248-e651-8526-5341ec14ec25","tintindex":0}}},{"name":"cube","from":[3.742689,6.2277656,6.5032873],"to":[4.5571523,7.04223,9.761143],"rotation":{"angle":0.0,"axis":"x","origin":[4.14992,6.634998,8.132215]},"faces":{"down":{"uv":[8.0,0.5,9.0,0.75],"rotation":90,"texture":"#992ba430-b248-e651-8526-5341ec14ec25","tintindex":0},"east":{"uv":[7.75,0.5,8.75,0.75],"rotation":0,"texture":"#992ba430-b248-e651-8526-5341ec14ec25","tintindex":0},"north":{"uv":[8.0,0.5,9.0,0.75],"rotation":0,"texture":"#992ba430-b248-e651-8526-5341ec14ec25","tintindex":0},"south":{"uv":[8.0,0.5,9.0,0.75],"rotation":0,"texture":"#992ba430-b248-e651-8526-5341ec14ec25","tintindex":0},"up":{"uv":[8.0,0.5,9.0,0.75],"rotation":270,"texture":"#992ba430-b248-e651-8526-5341ec14ec25","tintindex":0},"west":{"uv":[8.0,0.5,9.0,0.75],"rotation":0,"texture":"#992ba430-b248-e651-8526-5341ec14ec25","tintindex":0}}},{"name":"cube","from":[2.245654,5.4227104,12.211387],"to":[8.761366,6.237174,13.840314],"rotation":{"angle":-22.5,"axis":"y","origin":[11.551511,5.8299417,14.201851]},"faces":{"down":{"uv":[8.5,1.25,10.25,1.0],"rotation":0,"texture":"#992ba430-b248-e651-8526-5341ec14ec25","tintindex":0},"east":{"uv":[10.25,1.0,8.5,1.25],"rotation":0,"texture":"#992ba430-b248-e651-8526-5341ec14ec25","tintindex":0},"north":{"uv":[10.25,1.0,8.5,1.25],"rotation":0,"texture":"#992ba430-b248-e651-8526-5341ec14ec25","tintindex":0},"south":{"uv":[10.25,1.0,8.5,1.25],"rotation":0,"texture":"#992ba430-b248-e651-8526-5341ec14ec25","tintindex":0},"up":{"uv":[8.5,1.25,10.25,1.0],"rotation":0,"texture":"#992ba430-b248-e651-8526-5341ec14ec25","tintindex":0},"west":{"uv":[10.25,1.0,8.5,1.25],"rotation":0,"texture":"#992ba430-b248-e651-8526-5341ec14ec25","tintindex":0}}},{"name":"cube","from":[2.245654,5.4227104,2.2732487],"to":[8.761366,6.237174,3.9021766],"rotation":{"angle":22.5,"axis":"y","origin":[11.551511,5.8299417,1.9117126]},"faces":{"down":{"uv":[8.5,1.0,10.25,1.25],"rotation":0,"texture":"#992ba430-b248-e651-8526-5341ec14ec25","tintindex":0},"east":{"uv":[8.5,1.0,10.25,1.25],"rotation":0,"texture":"#992ba430-b248-e651-8526-5341ec14ec25","tintindex":0},"north":{"uv":[8.5,1.0,10.25,1.25],"rotation":0,"texture":"#992ba430-b248-e651-8526-5341ec14ec25","tintindex":0},"south":{"uv":[8.5,1.0,10.25,1.25],"rotation":0,"texture":"#992ba430-b248-e651-8526-5341ec14ec25","tintindex":0},"up":{"uv":[7.5,1.0,9.25,1.25],"rotation":0,"texture":"#992ba430-b248-e651-8526-5341ec14ec25","tintindex":0},"west":{"uv":[8.5,1.0,10.25,1.25],"rotation":0,"texture":"#992ba430-b248-e651-8526-5341ec14ec25","tintindex":0}}},{"name":"cube","from":[3.0923738,5.4332104,5.806926],"to":[4.721302,6.237174,10.306639],"rotation":{"angle":0.0,"axis":"x","origin":[3.9068372,5.8299417,9.064781]},"faces":{"down":{"uv":[9.25,1.25,7.5,1.0],"rotation":270,"texture":"#992ba430-b248-e651-8526-5341ec14ec25","tintindex":0},"east":{"uv":[9.25,1.25,7.5,1.0],"rotation":270,"texture":"#992ba430-b248-e651-8526-5341ec14ec25","tintindex":0},"north":{"uv":[9.25,1.25,7.5,1.0],"rotation":270,"texture":"#992ba430-b248-e651-8526-5341ec14ec25","tintindex":0},"south":{"uv":[9.25,1.25,7.5,1.0],"rotation":270,"texture":"#992ba430-b248-e651-8526-5341ec14ec25","tintindex":0},"up":{"uv":[9.25,1.25,7.5,1.0],"rotation":270,"texture":"#992ba430-b248-e651-8526-5341ec14ec25","tintindex":0},"west":{"uv":[9.25,1.25,7.5,1.0],"rotation":180,"texture":"#992ba430-b248-e651-8526-5341ec14ec25","tintindex":0}}},{"name":"cube","from":[8.42461,7.156472,6.6482544],"to":[13.698466,9.599863,8.613182],"rotation":{"angle":-22.5,"axis":"y","origin":[5.7065353,8.210169,0.3139801]},"faces":{"down":{"uv":[2.875,1.375,3.375,1.125],"rotation":0,"texture":"#992ba430-b248-e651-8526-5341ec14ec25","tintindex":0},"east":{"uv":[2.875,1.375,3.375,1.125],"rotation":270,"texture":"#992ba430-b248-e651-8526-5341ec14ec25","tintindex":0},"north":{"uv":[5.75,2.75,6.75,3.25],"rotation":0,"texture":"#992ba430-b248-e651-8526-5341ec14ec25","tintindex":0},"south":{"uv":[3.375,1.125,2.875,1.375],"rotation":180,"texture":"#992ba430-b248-e651-8526-5341ec14ec25","tintindex":0},"up":{"uv":[5.75,2.75,6.75,2.25],"rotation":180,"texture":"#992ba430-b248-e651-8526-5341ec14ec25","tintindex":0},"west":{"uv":[8.25,1.75,8.75,1.5],"rotation":90,"texture":"#992ba430-b248-e651-8526-5341ec14ec25","tintindex":0}}},{"name":"cube","from":[2.1112535,7.156472,6.4475408],"to":[7.38511,9.599863,8.412468],"rotation":{"angle":22.5,"axis":"y","origin":[5.575578,18.558968,-0.52109766]},"faces":{"down":{"uv":[8.25,2.25,9.25,2.75],"rotation":0,"texture":"#992ba430-b248-e651-8526-5341ec14ec25","tintindex":0},"east":{"uv":[4.125,1.125,4.625,1.375],"rotation":270,"texture":"#992ba430-b248-e651-8526-5341ec14ec25","tintindex":0},"north":{"uv":[4.125,1.125,4.625,1.375],"rotation":180,"texture":"#992ba430-b248-e651-8526-5341ec14ec25","tintindex":0},"south":{"uv":[8.25,2.75,9.25,3.25],"rotation":0,"texture":"#992ba430-b248-e651-8526-5341ec14ec25","tintindex":0},"up":{"uv":[4.125,1.125,4.625,1.375],"rotation":180,"texture":"#992ba430-b248-e651-8526-5341ec14ec25","tintindex":0},"west":{"uv":[8.25,1.5,8.75,1.75],"rotation":90,"texture":"#992ba430-b248-e651-8526-5341ec14ec25","tintindex":0}}},{"name":"cube","from":[9.76861,7.996473,6.144254],"to":[13.026467,10.434614,7.9411826],"rotation":{"angle":-22.5,"axis":"y","origin":[5.7065353,9.218168,0.3139801]},"faces":{"down":{"uv":[2.875,1.375,3.375,1.125],"rotation":0,"texture":"#992ba430-b248-e651-8526-5341ec14ec25","tintindex":0},"east":{"uv":[2.875,1.375,3.375,1.125],"rotation":270,"texture":"#992ba430-b248-e651-8526-5341ec14ec25","tintindex":0},"north":{"uv":[5.75,2.75,6.75,3.25],"rotation":0,"texture":"#992ba430-b248-e651-8526-5341ec14ec25","tintindex":0},"south":{"uv":[3.375,1.125,2.875,1.375],"rotation":180,"texture":"#992ba430-b248-e651-8526-5341ec14ec25","tintindex":0},"up":{"uv":[5.75,2.75,6.75,2.25],"rotation":180,"texture":"#992ba430-b248-e651-8526-5341ec14ec25","tintindex":0},"west":{"uv":[8.25,1.75,8.75,1.5],"rotation":90,"texture":"#992ba430-b248-e651-8526-5341ec14ec25","tintindex":0}}},{"name":"cube","from":[3.4552534,7.996473,7.1195407],"to":[6.71311,10.439865,8.916469],"rotation":{"angle":22.5,"axis":"y","origin":[5.575578,19.566967,-0.52109766]},"faces":{"down":{"uv":[8.25,2.25,9.25,2.75],"rotation":0,"texture":"#992ba430-b248-e651-8526-5341ec14ec25","tintindex":0},"east":{"uv":[4.125,1.125,4.625,1.375],"rotation":270,"texture":"#992ba430-b248-e651-8526-5341ec14ec25","tintindex":0},"north":{"uv":[4.125,1.125,4.625,1.375],"rotation":180,"texture":"#992ba430-b248-e651-8526-5341ec14ec25","tintindex":0},"south":{"uv":[8.25,2.75,9.25,3.25],"rotation":0,"texture":"#992ba430-b248-e651-8526-5341ec14ec25","tintindex":0},"up":{"uv":[4.125,1.125,4.625,1.375],"rotation":180,"texture":"#992ba430-b248-e651-8526-5341ec14ec25","tintindex":0},"west":{"uv":[8.25,1.5,8.75,1.75],"rotation":90,"texture":"#992ba430-b248-e651-8526-5341ec14ec25","tintindex":0}}},{"name":"cube","from":[-0.052586317,5.601778,3.1696227],"to":[6.463126,8.04517,5.13455],"rotation":{"angle":22.5,"axis":"y","origin":[11.94127,12.199473,-5.255913]},"faces":{"down":{"uv":[5.75,1.5,7.75,2.0],"rotation":0,"texture":"#992ba430-b248-e651-8526-5341ec14ec25","tintindex":0},"east":{"uv":[5.75,1.5,7.75,2.0],"rotation":270,"texture":"#992ba430-b248-e651-8526-5341ec14ec25","tintindex":0},"north":{"uv":[5.75,1.5,7.75,2.0],"rotation":180,"texture":"#992ba430-b248-e651-8526-5341ec14ec25","tintindex":0},"south":{"uv":[5.75,1.5,7.75,2.0],"rotation":0,"texture":"#992ba430-b248-e651-8526-5341ec14ec25","tintindex":0},"up":{"uv":[5.75,1.5,7.75,2.0],"rotation":180,"texture":"#992ba430-b248-e651-8526-5341ec14ec25","tintindex":0},"west":{"uv":[5.75,1.5,7.75,2.0],"rotation":90,"texture":"#992ba430-b248-e651-8526-5341ec14ec25","tintindex":0}}},{"name":"cube","from":[-0.052586317,5.601778,11.129879],"to":[6.463126,8.04517,13.094807],"rotation":{"angle":-22.5,"axis":"y","origin":[11.94127,12.199473,21.520344]},"faces":{"down":{"uv":[5.75,2.0,7.75,1.5],"rotation":0,"texture":"#992ba430-b248-e651-8526-5341ec14ec25","tintindex":0},"east":{"uv":[5.75,2.0,7.75,1.5],"rotation":270,"texture":"#992ba430-b248-e651-8526-5341ec14ec25","tintindex":0},"north":{"uv":[7.75,1.5,5.75,2.0],"rotation":0,"texture":"#992ba430-b248-e651-8526-5341ec14ec25","tintindex":0},"south":{"uv":[7.75,1.5,5.75,2.0],"rotation":180,"texture":"#992ba430-b248-e651-8526-5341ec14ec25","tintindex":0},"up":{"uv":[5.75,2.0,7.75,1.5],"rotation":180,"texture":"#992ba430-b248-e651-8526-5341ec14ec25","tintindex":0},"west":{"uv":[5.75,2.0,7.75,1.5],"rotation":90,"texture":"#992ba430-b248-e651-8526-5341ec14ec25","tintindex":0}}},{"name":"cube","from":[10.434422,7.839516,4.009832],"to":[11.274422,14.559516,4.824296],"rotation":{"angle":0.0,"axis":"x","origin":[13.646081,7.040969,-1.422194]},"faces":{"down":{"uv":[2.25,0.0,2.5,1.75],"rotation":0,"texture":"#992ba430-b248-e651-8526-5341ec14ec25","tintindex":0},"east":{"uv":[2.25,0.0,2.5,1.75],"rotation":0,"texture":"#992ba430-b248-e651-8526-5341ec14ec25","tintindex":0},"north":{"uv":[2.25,0.0,2.5,1.75],"rotation":0,"texture":"#992ba430-b248-e651-8526-5341ec14ec25","tintindex":0},"south":{"uv":[2.25,0.0,2.5,1.75],"rotation":0,"texture":"#992ba430-b248-e651-8526-5341ec14ec25","tintindex":0},"up":{"uv":[2.25,0.0,2.5,0.25],"rotation":0,"texture":"#992ba430-b248-e651-8526-5341ec14ec25","tintindex":0},"west":{"uv":[2.25,0.0,2.5,1.75],"rotation":0,"texture":"#992ba430-b248-e651-8526-5341ec14ec25","tintindex":0}}},{"name":"cube","from":[10.434422,7.839516,4.5138316],"to":[11.274422,14.559516,6.529832],"rotation":{"angle":-22.5,"axis":"y","origin":[10.854422,10.527517,4.4170637]},"faces":{"down":{"uv":[2.25,0.0,2.5,1.75],"rotation":0,"texture":"#992ba430-b248-e651-8526-5341ec14ec25","tintindex":0},"east":{"uv":[2.25,0.0,2.5,1.75],"rotation":0,"texture":"#992ba430-b248-e651-8526-5341ec14ec25","tintindex":0},"north":{"uv":[2.25,0.0,2.5,1.75],"rotation":0,"texture":"#992ba430-b248-e651-8526-5341ec14ec25","tintindex":0},"south":{"uv":[2.25,0.0,2.5,1.75],"rotation":0,"texture":"#992ba430-b248-e651-8526-5341ec14ec25","tintindex":0},"up":{"uv":[2.25,0.0,2.5,0.25],"rotation":0,"texture":"#992ba430-b248-e651-8526-5341ec14ec25","tintindex":0},"west":{"uv":[2.5,0.0,3.25,1.75],"rotation":0,"texture":"#992ba430-b248-e651-8526-5341ec14ec25","tintindex":0}}},{"name":"cube","from":[10.434422,7.839516,9.734598],"to":[11.274422,14.559516,11.750598],"rotation":{"angle":22.5,"axis":"y","origin":[10.854422,10.527517,11.847366]},"faces":{"down":{"uv":[2.25,1.75,2.5,0.0],"rotation":0,"texture":"#992ba430-b248-e651-8526-5341ec14ec25","tintindex":0},"east":{"uv":[2.5,0.0,2.25,1.75],"rotation":0,"texture":"#992ba430-b248-e651-8526-5341ec14ec25","tintindex":0},"north":{"uv":[2.5,0.0,2.25,1.75],"rotation":0,"texture":"#992ba430-b248-e651-8526-5341ec14ec25","tintindex":0},"south":{"uv":[2.5,0.0,2.25,1.75],"rotation":0,"texture":"#992ba430-b248-e651-8526-5341ec14ec25","tintindex":0},"up":{"uv":[2.25,0.25,2.5,0.0],"rotation":0,"texture":"#992ba430-b248-e651-8526-5341ec14ec25","tintindex":0},"west":{"uv":[4.25,0.0,5.0,1.75],"rotation":0,"texture":"#992ba430-b248-e651-8526-5341ec14ec25","tintindex":0}}},{"name":"cube","from":[9.657871,7.839516,6.20828],"to":[10.497871,14.559516,10.072281],"rotation":{"angle":0.0,"axis":"x","origin":[10.077871,10.527517,8.321048]},"faces":{"down":{"uv":[2.25,1.75,2.5,0.0],"rotation":0,"texture":"#992ba430-b248-e651-8526-5341ec14ec25","tintindex":0},"east":{"uv":[2.5,0.0,2.25,1.75],"rotation":0,"texture":"#992ba430-b248-e651-8526-5341ec14ec25","tintindex":0},"north":{"uv":[2.5,0.0,2.25,1.75],"rotation":0,"texture":"#992ba430-b248-e651-8526-5341ec14ec25","tintindex":0},"south":{"uv":[2.5,0.0,2.25,1.75],"rotation":0,"texture":"#992ba430-b248-e651-8526-5341ec14ec25","tintindex":0},"up":{"uv":[2.25,0.25,2.5,0.0],"rotation":0,"texture":"#992ba430-b248-e651-8526-5341ec14ec25","tintindex":0},"west":{"uv":[4.25,0.0,3.25,1.75],"rotation":0,"texture":"#992ba430-b248-e651-8526-5341ec14ec25","tintindex":0}}},{"name":"cube","from":[10.434422,7.839516,11.440134],"to":[11.274422,14.559516,12.254599],"rotation":{"angle":0.0,"axis":"x","origin":[13.646081,7.040969,17.686625]},"faces":{"down":{"uv":[2.25,1.75,2.5,0.0],"rotation":0,"texture":"#992ba430-b248-e651-8526-5341ec14ec25","tintindex":0},"east":{"uv":[2.5,0.0,2.25,1.75],"rotation":0,"texture":"#992ba430-b248-e651-8526-5341ec14ec25","tintindex":0},"north":{"uv":[2.5,0.0,2.25,1.75],"rotation":0,"texture":"#992ba430-b248-e651-8526-5341ec14ec25","tintindex":0},"south":{"uv":[2.5,0.0,2.25,1.75],"rotation":0,"texture":"#992ba430-b248-e651-8526-5341ec14ec25","tintindex":0},"up":{"uv":[2.25,0.25,2.5,0.0],"rotation":0,"texture":"#992ba430-b248-e651-8526-5341ec14ec25","tintindex":0},"west":{"uv":[2.5,0.0,2.25,1.75],"rotation":0,"texture":"#992ba430-b248-e651-8526-5341ec14ec25","tintindex":0}}},{"name":"cube","from":[9.762422,6.2277656,4.009832],"to":[13.020278,7.8566937,4.824296],"rotation":{"angle":0.0,"axis":"x","origin":[13.646081,7.040969,-1.422194]},"faces":{"down":{"uv":[9.75,0.0,10.75,0.5],"rotation":0,"texture":"#992ba430-b248-e651-8526-5341ec14ec25","tintindex":0},"east":{"uv":[9.75,0.0,10.0,0.5],"rotation":0,"texture":"#992ba430-b248-e651-8526-5341ec14ec25","tintindex":0},"north":{"uv":[9.75,0.0,10.75,0.5],"rotation":0,"texture":"#992ba430-b248-e651-8526-5341ec14ec25","tintindex":0},"south":{"uv":[9.75,0.0,10.75,0.5],"rotation":0,"texture":"#992ba430-b248-e651-8526-5341ec14ec25","tintindex":0},"up":{"uv":[9.75,0.0,10.75,0.25],"rotation":0,"texture":"#992ba430-b248-e651-8526-5341ec14ec25","tintindex":0},"west":{"uv":[9.75,0.0,10.0,0.5],"rotation":0,"texture":"#992ba430-b248-e651-8526-5341ec14ec25","tintindex":0}}},{"name":"cube","from":[0.032719135,6.2277656,10.07071],"to":[6.5484314,7.04223,10.885174],"rotation":{"angle":-22.5,"axis":"y","origin":[4.7131467,6.898505,19.648796]},"faces":{"down":{"uv":[5.75,0.75,7.75,0.5],"rotation":0,"texture":"#992ba430-b248-e651-8526-5341ec14ec25","tintindex":0},"east":{"uv":[7.75,0.5,5.75,0.75],"rotation":0,"texture":"#992ba430-b248-e651-8526-5341ec14ec25","tintindex":0},"north":{"uv":[7.75,0.5,5.75,0.75],"rotation":0,"texture":"#992ba430-b248-e651-8526-5341ec14ec25","tintindex":0},"south":{"uv":[7.75,0.5,5.75,0.75],"rotation":0,"texture":"#992ba430-b248-e651-8526-5341ec14ec25","tintindex":0},"up":{"uv":[5.75,0.75,7.75,0.5],"rotation":0,"texture":"#992ba430-b248-e651-8526-5341ec14ec25","tintindex":0},"west":{"uv":[7.75,0.5,5.75,0.75],"rotation":0,"texture":"#992ba430-b248-e651-8526-5341ec14ec25","tintindex":0}}},{"name":"cube","from":[9.762422,6.2277656,11.440134],"to":[13.020278,7.8566937,12.254599],"rotation":{"angle":0.0,"axis":"x","origin":[13.646081,7.040969,17.686625]},"faces":{"down":{"uv":[9.75,0.5,10.75,0.0],"rotation":0,"texture":"#992ba430-b248-e651-8526-5341ec14ec25","tintindex":0},"east":{"uv":[10.0,0.0,9.75,0.5],"rotation":0,"texture":"#992ba430-b248-e651-8526-5341ec14ec25","tintindex":0},"north":{"uv":[10.75,0.0,9.75,0.5],"rotation":0,"texture":"#992ba430-b248-e651-8526-5341ec14ec25","tintindex":0},"south":{"uv":[10.75,0.0,9.75,0.5],"rotation":0,"texture":"#992ba430-b248-e651-8526-5341ec14ec25","tintindex":0},"up":{"uv":[9.75,0.25,10.75,0.0],"rotation":0,"texture":"#992ba430-b248-e651-8526-5341ec14ec25","tintindex":0},"west":{"uv":[10.0,0.0,9.75,0.5],"rotation":0,"texture":"#992ba430-b248-e651-8526-5341ec14ec25","tintindex":0}}},{"name":"cube","from":[9.112107,5.4332104,11.171165],"to":[11.962731,6.247674,12.800093],"rotation":{"angle":0.0,"axis":"x","origin":[13.21612,5.421449,15.193797]},"faces":{"down":{"uv":[10.0,1.25,10.75,1.0],"rotation":0,"texture":"#992ba430-b248-e651-8526-5341ec14ec25","tintindex":0},"east":{"uv":[10.75,1.0,10.0,1.25],"rotation":0,"texture":"#992ba430-b248-e651-8526-5341ec14ec25","tintindex":0},"north":{"uv":[10.75,1.0,10.0,1.25],"rotation":0,"texture":"#992ba430-b248-e651-8526-5341ec14ec25","tintindex":0},"south":{"uv":[10.75,1.0,10.0,1.25],"rotation":0,"texture":"#992ba430-b248-e651-8526-5341ec14ec25","tintindex":0},"up":{"uv":[10.0,1.25,10.75,1.0],"rotation":0,"texture":"#992ba430-b248-e651-8526-5341ec14ec25","tintindex":0},"west":{"uv":[10.75,1.0,10.0,1.25],"rotation":0,"texture":"#992ba430-b248-e651-8526-5341ec14ec25","tintindex":0}}}],"display":{"head":{"translation":[0.0,-6.4,0.0],"rotation":[0.0,0.0,0.0],"scale":[3.8095,3.8095,3.8095]},"gui":{"translation":[0.0,0.0,0.0],"rotation":[35.0,225.0,0.0],"scale":[0.625,0.625,0.625]}}}