{"file_name":"head","texture_size":[64,64],"textures":{"e051a090-f384-e303-ae59-5c65fa904298":"modelengine:entity/d7ac4b7192d122c40a22aaea46120c1b472b15c855921b38b6ddb2116e733aa7"},"elements":[{"name":"head","from":[5.6,8.0,5.6],"to":[10.4,12.8,10.4],"rotation":{"angle":0.0,"axis":"x","origin":[8.0,-6.4000006,8.0]},"faces":{"down":{"uv":[6.0,0.0,4.0,2.0],"rotation":0,"texture":"#e051a090-f384-e303-ae59-5c65fa904298","tintindex":0},"east":{"uv":[0.0,2.0,2.0,4.0],"rotation":0,"texture":"#e051a090-f384-e303-ae59-5c65fa904298","tintindex":0},"north":{"uv":[2.0,2.0,4.0,4.0],"rotation":0,"texture":"#e051a090-f384-e303-ae59-5c65fa904298","tintindex":0},"south":{"uv":[6.0,2.0,8.0,4.0],"rotation":0,"texture":"#e051a090-f384-e303-ae59-5c65fa904298","tintindex":0},"up":{"uv":[4.0,2.0,2.0,0.0],"rotation":0,"texture":"#e051a090-f384-e303-ae59-5c65fa904298","tintindex":0},"west":{"uv":[4.0,2.0,6.0,4.0],"rotation":0,"texture":"#e051a090-f384-e303-ae59-5c65fa904298","tintindex":0}}},{"name":"hat layer","from":[5.6,8.0,5.6],"to":[10.4,12.8,10.4],"rotation":{"angle":0.0,"axis":"x","origin":[8.0,8.0,8.0]},"faces":{"down":{"uv":[14.0,0.0,12.0,2.0],"rotation":0,"texture":"#e051a090-f384-e303-ae59-5c65fa904298","tintindex":0},"east":{"uv":[8.0,2.0,10.0,4.0],"rotation":0,"texture":"#e051a090-f384-e303-ae59-5c65fa904298","tintindex":0},"north":{"uv":[10.0,2.0,12.0,4.0],"rotation":0,"texture":"#e051a090-f384-e303-ae59-5c65fa904298","tintindex":0},"south":{"uv":[14.0,2.0,16.0,4.0],"rotation":0,"texture":"#e051a090-f384-e303-ae59-5c65fa904298","tintindex":0},"up":{"uv":[12.0,2.0,10.0,0.0],"rotation":0,"texture":"#e051a090-f384-e303-ae59-5c65fa904298","tintindex":0},"west":{"uv":[12.0,2.0,14.0,4.0],"rotation":0,"texture":"#e051a090-f384-e303-ae59-5c65fa904298","tintindex":0}}}],"display":{"head":{"translation":[0.0,-6.4,0.0],"rotation":[0.0,0.0,0.0],"scale":[3.8095,3.8095,3.8095]},"gui":{"translation":[0.0,0.0,0.0],"rotation":[35.0,225.0,0.0],"scale":[0.625,0.625,0.625]}}}