{"file_name":"leftleg","texture_size":[64,64],"textures":{"e051a090-f384-e303-ae59-5c65fa904298":"modelengine:entity/d7ac4b7192d122c40a22aaea46120c1b472b15c855921b38b6ddb2116e733aa7"},"elements":[{"name":"left leg","from":[6.8,0.7999997,6.8],"to":[9.2,8.0,9.2],"rotation":{"angle":0.0,"axis":"x","origin":[9.139999,0.7999997,8.0]},"faces":{"down":{"uv":[7.0,12.0,6.0,13.0],"rotation":0,"texture":"#e051a090-f384-e303-ae59-5c65fa904298","tintindex":0},"east":{"uv":[4.0,13.0,5.0,16.0],"rotation":0,"texture":"#e051a090-f384-e303-ae59-5c65fa904298","tintindex":0},"north":{"uv":[5.0,13.0,6.0,16.0],"rotation":0,"texture":"#e051a090-f384-e303-ae59-5c65fa904298","tintindex":0},"south":{"uv":[7.0,13.0,8.0,16.0],"rotation":0,"texture":"#e051a090-f384-e303-ae59-5c65fa904298","tintindex":0},"up":{"uv":[6.0,13.0,5.0,12.0],"rotation":0,"texture":"#e051a090-f384-e303-ae59-5c65fa904298","tintindex":0},"west":{"uv":[6.0,13.0,7.0,16.0],"rotation":0,"texture":"#e051a090-f384-e303-ae59-5c65fa904298","tintindex":0}}},{"name":"left leg layer","from":[6.6499996,0.6499996,6.6499996],"to":[9.35,8.15,9.35],"rotation":{"angle":0.0,"axis":"x","origin":[9.139999,0.7999997,8.0]},"faces":{"down":{"uv":[3.0,12.0,2.0,13.0],"rotation":0,"texture":"#e051a090-f384-e303-ae59-5c65fa904298","tintindex":0},"east":{"uv":[0.0,13.0,1.0,16.0],"rotation":0,"texture":"#e051a090-f384-e303-ae59-5c65fa904298","tintindex":0},"north":{"uv":[1.0,13.0,2.0,16.0],"rotation":0,"texture":"#e051a090-f384-e303-ae59-5c65fa904298","tintindex":0},"south":{"uv":[3.0,13.0,4.0,16.0],"rotation":0,"texture":"#e051a090-f384-e303-ae59-5c65fa904298","tintindex":0},"up":{"uv":[2.0,13.0,1.0,12.0],"rotation":0,"texture":"#e051a090-f384-e303-ae59-5c65fa904298","tintindex":0},"west":{"uv":[2.0,13.0,3.0,16.0],"rotation":0,"texture":"#e051a090-f384-e303-ae59-5c65fa904298","tintindex":0}}}],"display":{"head":{"translation":[0.0,-6.4,0.0],"rotation":[0.0,0.0,0.0],"scale":[3.8095,3.8095,3.8095]},"gui":{"translation":[0.0,0.0,0.0],"rotation":[35.0,225.0,0.0],"scale":[0.625,0.625,0.625]}}}