{"file_name":"palm","texture_size":[16,16],"textures":{"ca272633-96b8-42c3-3c9e-2bca132177b5":"minecraft:block/stone_bricks","18949a78-25a6-bc3e-cf46-49c054bfb1ee":"minecraft:block/blackstone","69af02fb-aea6-49f3-04e1-16069eb24a75":"minecraft:block/furnace_side","a11a9269-26ef-ec5c-9af5-da3559b493a4":"minecraft:block/beacon","45557528-5262-4b73-8d47-bb1fc2c669f6":"minecraft:block/bone_block_side","18890c4e-ec0c-dd21-8582-a17a8e01cf38":"minecraft:block/chiseled_nether_bricks","225804fa-e5ae-e713-7ebb-a2abfd92bf3f":"minecraft:block/black_concrete","42c982e7-0c1a-2e0a-a038-3b0df28c39a6":"minecraft:block/lodestone_side"},"elements":[{"name":"cube","from":[-4.240078,6.6967196,-5.8427057],"to":[26.00307,13.2106285,16.87843],"rotation":{"angle":0.0,"axis":"x","origin":[7.615282,2.588486,1.9667716]},"faces":{"down":{"uv":[0.0,0.0,15.0,6.0],"rotation":90,"texture":"#ca272633-96b8-42c3-3c9e-2bca132177b5","tintindex":0},"east":{"uv":[0.0,0.0,15.0,6.0],"rotation":0,"texture":"#ca272633-96b8-42c3-3c9e-2bca132177b5","tintindex":0},"north":{"uv":[0.0,0.0,15.0,6.0],"rotation":0,"texture":"#ca272633-96b8-42c3-3c9e-2bca132177b5","tintindex":0},"south":{"uv":[0.0,0.0,15.0,6.0],"rotation":0,"texture":"#ca272633-96b8-42c3-3c9e-2bca132177b5","tintindex":0},"up":{"uv":[0.0,0.0,15.0,6.0],"rotation":270,"texture":"#ca272633-96b8-42c3-3c9e-2bca132177b5","tintindex":0},"west":{"uv":[0.0,0.0,15.0,6.0],"rotation":0,"texture":"#ca272633-96b8-42c3-3c9e-2bca132177b5","tintindex":0}}},{"name":"cube","from":[-3.2466116,6.2314405,3.3855858],"to":[-1.8507743,14.839106,13.389088],"rotation":{"angle":0.0,"axis":"x","origin":[25.600788,0.61517143,7.7610064]},"faces":{"down":{"uv":[1.0,3.0,4.0,6.0],"rotation":270,"texture":"#18949a78-25a6-bc3e-cf46-49c054bfb1ee","tintindex":0},"east":{"uv":[1.0,3.0,4.0,6.0],"rotation":0,"texture":"#18949a78-25a6-bc3e-cf46-49c054bfb1ee","tintindex":0},"north":{"uv":[1.0,3.0,4.0,6.0],"rotation":0,"texture":"#18949a78-25a6-bc3e-cf46-49c054bfb1ee","tintindex":0},"south":{"uv":[1.0,3.0,4.0,6.0],"rotation":0,"texture":"#18949a78-25a6-bc3e-cf46-49c054bfb1ee","tintindex":0},"up":{"uv":[1.0,3.0,4.0,6.0],"rotation":90,"texture":"#18949a78-25a6-bc3e-cf46-49c054bfb1ee","tintindex":0},"west":{"uv":[1.0,3.0,4.0,6.0],"rotation":0,"texture":"#18949a78-25a6-bc3e-cf46-49c054bfb1ee","tintindex":0}}},{"name":"cube","from":[-0.20765877,11.594603,11.678428],"to":[22.66857,18.108511,24.861338],"rotation":{"angle":22.5,"axis":"x","origin":[7.615282,2.588486,1.9667716]},"faces":{"down":{"uv":[0.0,0.0,12.0,5.0],"rotation":90,"texture":"#ca272633-96b8-42c3-3c9e-2bca132177b5","tintindex":0},"east":{"uv":[0.0,0.0,12.0,5.0],"rotation":0,"texture":"#ca272633-96b8-42c3-3c9e-2bca132177b5","tintindex":0},"north":{"uv":[0.0,0.0,12.0,5.0],"rotation":0,"texture":"#ca272633-96b8-42c3-3c9e-2bca132177b5","tintindex":0},"south":{"uv":[0.0,0.0,12.0,5.0],"rotation":0,"texture":"#ca272633-96b8-42c3-3c9e-2bca132177b5","tintindex":0},"up":{"uv":[0.0,0.0,12.0,5.0],"rotation":270,"texture":"#ca272633-96b8-42c3-3c9e-2bca132177b5","tintindex":0},"west":{"uv":[0.0,0.0,12.0,5.0],"rotation":0,"texture":"#ca272633-96b8-42c3-3c9e-2bca132177b5","tintindex":0}}},{"name":"cube","from":[-3.5421586,11.504604,26.72684],"to":[24.762325,16.079851,32.0],"rotation":{"angle":0.0,"axis":"x","origin":[7.615282,2.588486,1.9667716]},"faces":{"down":{"uv":[1.0,2.0,6.0,14.0],"rotation":90,"texture":"#18949a78-25a6-bc3e-cf46-49c054bfb1ee","tintindex":0},"east":{"uv":[1.0,2.0,6.0,14.0],"rotation":0,"texture":"#18949a78-25a6-bc3e-cf46-49c054bfb1ee","tintindex":0},"north":{"uv":[1.0,2.0,6.0,14.0],"rotation":0,"texture":"#18949a78-25a6-bc3e-cf46-49c054bfb1ee","tintindex":0},"south":{"uv":[1.0,2.0,6.0,14.0],"rotation":90,"texture":"#18949a78-25a6-bc3e-cf46-49c054bfb1ee","tintindex":0},"up":{"uv":[1.0,2.0,3.0,14.0],"rotation":270,"texture":"#18949a78-25a6-bc3e-cf46-49c054bfb1ee","tintindex":0},"west":{"uv":[1.0,2.0,6.0,14.0],"rotation":0,"texture":"#18949a78-25a6-bc3e-cf46-49c054bfb1ee","tintindex":0}}},{"name":"cube","from":[-3.5421586,-9.510506,26.72684],"to":[24.762325,-4.4699802,32.0],"rotation":{"angle":0.0,"axis":"x","origin":[7.615282,2.588486,1.9667716]},"faces":{"down":{"uv":[0.0,0.0,1.7,9.125],"rotation":90,"texture":"#18949a78-25a6-bc3e-cf46-49c054bfb1ee","tintindex":0},"east":{"uv":[0.0,0.0,1.7,9.125],"rotation":0,"texture":"#18949a78-25a6-bc3e-cf46-49c054bfb1ee","tintindex":0},"north":{"uv":[0.0,0.0,1.7,9.125],"rotation":0,"texture":"#18949a78-25a6-bc3e-cf46-49c054bfb1ee","tintindex":0},"south":{"uv":[0.0,0.0,1.7,9.125],"rotation":90,"texture":"#18949a78-25a6-bc3e-cf46-49c054bfb1ee","tintindex":0},"up":{"uv":[0.0,0.0,1.7,9.125],"rotation":270,"texture":"#18949a78-25a6-bc3e-cf46-49c054bfb1ee","tintindex":0},"west":{"uv":[0.0,0.0,1.7,9.125],"rotation":0,"texture":"#18949a78-25a6-bc3e-cf46-49c054bfb1ee","tintindex":0}}},{"name":"cube","from":[-2.766694,-7.466234,22.992521],"to":[24.529686,-2.4257088,27.335127],"rotation":{"angle":0.0,"axis":"x","origin":[7.615282,2.588486,1.9667716]},"faces":{"down":{"uv":[2.0,1.0,12.0,5.0],"rotation":180,"texture":"#ca272633-96b8-42c3-3c9e-2bca132177b5","tintindex":0},"east":{"uv":[2.0,1.0,12.0,5.0],"rotation":90,"texture":"#ca272633-96b8-42c3-3c9e-2bca132177b5","tintindex":0},"north":{"uv":[2.0,1.0,12.0,5.0],"rotation":90,"texture":"#ca272633-96b8-42c3-3c9e-2bca132177b5","tintindex":0},"south":{"uv":[2.0,1.0,12.0,5.0],"rotation":90,"texture":"#ca272633-96b8-42c3-3c9e-2bca132177b5","tintindex":0},"up":{"uv":[2.0,1.0,12.0,5.0],"rotation":0,"texture":"#ca272633-96b8-42c3-3c9e-2bca132177b5","tintindex":0},"west":{"uv":[2.0,1.0,12.0,5.0],"rotation":90,"texture":"#ca272633-96b8-42c3-3c9e-2bca132177b5","tintindex":0}}},{"name":"cube","from":[-10.753986,-3.461876,26.72684],"to":[-5.713463,9.565943,32.0],"rotation":{"angle":0.0,"axis":"x","origin":[7.615282,2.588486,1.9667716]},"faces":{"down":{"uv":[0.0,0.0,2.0,5.0],"rotation":90,"texture":"#18949a78-25a6-bc3e-cf46-49c054bfb1ee","tintindex":0},"east":{"uv":[0.0,0.0,2.0,5.0],"rotation":0,"texture":"#18949a78-25a6-bc3e-cf46-49c054bfb1ee","tintindex":0},"north":{"uv":[0.0,0.0,2.0,5.0],"rotation":0,"texture":"#18949a78-25a6-bc3e-cf46-49c054bfb1ee","tintindex":0},"south":{"uv":[0.0,0.0,2.0,5.0],"rotation":0,"texture":"#18949a78-25a6-bc3e-cf46-49c054bfb1ee","tintindex":0},"up":{"uv":[0.0,0.0,2.0,5.0],"rotation":270,"texture":"#18949a78-25a6-bc3e-cf46-49c054bfb1ee","tintindex":0},"west":{"uv":[0.0,0.0,3.0,2.0],"rotation":0,"texture":"#18949a78-25a6-bc3e-cf46-49c054bfb1ee","tintindex":0}}},{"name":"cube","from":[-5.713463,-5.4780855,27.11457],"to":[26.933624,12.202524,30.371521],"rotation":{"angle":0.0,"axis":"x","origin":[7.615282,2.588486,1.9667716]},"faces":{"down":{"uv":[1.0,8.0,2.0,11.0],"rotation":180,"texture":"#225804fa-e5ae-e713-7ebb-a2abfd92bf3f","tintindex":0},"east":{"uv":[1.0,8.0,2.0,11.0],"rotation":90,"texture":"#225804fa-e5ae-e713-7ebb-a2abfd92bf3f","tintindex":0},"north":{"uv":[1.0,8.0,2.0,11.0],"rotation":90,"texture":"#225804fa-e5ae-e713-7ebb-a2abfd92bf3f","tintindex":0},"south":{"uv":[1.0,8.0,2.0,11.0],"rotation":90,"texture":"#225804fa-e5ae-e713-7ebb-a2abfd92bf3f","tintindex":0},"up":{"uv":[1.0,8.0,2.0,11.0],"rotation":0,"texture":"#225804fa-e5ae-e713-7ebb-a2abfd92bf3f","tintindex":0},"west":{"uv":[1.0,8.0,2.0,11.0],"rotation":90,"texture":"#225804fa-e5ae-e713-7ebb-a2abfd92bf3f","tintindex":0}}},{"name":"cube","from":[-5.713463,-6.563737,23.159697],"to":[26.933624,12.124977,27.890036],"rotation":{"angle":0.0,"axis":"x","origin":[7.615282,2.588486,1.9667716]},"faces":{"down":{"uv":[1.0,2.0,5.0,7.0],"rotation":180,"texture":"#18949a78-25a6-bc3e-cf46-49c054bfb1ee","tintindex":0},"east":{"uv":[1.0,2.0,6.0,4.0],"rotation":90,"texture":"#18949a78-25a6-bc3e-cf46-49c054bfb1ee","tintindex":0},"north":{"uv":[1.0,2.0,5.0,7.0],"rotation":90,"texture":"#18949a78-25a6-bc3e-cf46-49c054bfb1ee","tintindex":0},"south":{"uv":[1.0,2.0,5.0,7.0],"rotation":90,"texture":"#18949a78-25a6-bc3e-cf46-49c054bfb1ee","tintindex":0},"up":{"uv":[1.0,2.0,5.0,4.0],"rotation":0,"texture":"#18949a78-25a6-bc3e-cf46-49c054bfb1ee","tintindex":0},"west":{"uv":[1.0,2.0,5.0,4.0],"rotation":90,"texture":"#18949a78-25a6-bc3e-cf46-49c054bfb1ee","tintindex":0}}},{"name":"cube","from":[26.959476,-3.4101782,26.72684],"to":[32.0,9.617639,32.0],"rotation":{"angle":0.0,"axis":"x","origin":[7.615282,2.588486,1.9667716]},"faces":{"down":{"uv":[0.0,0.0,1.7,1.625],"rotation":270,"texture":"#18949a78-25a6-bc3e-cf46-49c054bfb1ee","tintindex":0},"east":{"uv":[0.0,0.0,2.0,3.0],"rotation":90,"texture":"#18949a78-25a6-bc3e-cf46-49c054bfb1ee","tintindex":0},"north":{"uv":[0.0,0.0,1.7,1.625],"rotation":180,"texture":"#18949a78-25a6-bc3e-cf46-49c054bfb1ee","tintindex":0},"south":{"uv":[0.0,0.0,1.7,1.625],"rotation":180,"texture":"#18949a78-25a6-bc3e-cf46-49c054bfb1ee","tintindex":0},"up":{"uv":[0.0,0.0,1.7,1.625],"rotation":90,"texture":"#18949a78-25a6-bc3e-cf46-49c054bfb1ee","tintindex":0},"west":{"uv":[0.0,0.0,1.7,1.625],"rotation":180,"texture":"#18949a78-25a6-bc3e-cf46-49c054bfb1ee","tintindex":0}}},{"name":"cube","from":[-7.8847647,9.565943,26.72684],"to":[-3.5421586,13.908546,32.0],"rotation":{"angle":0.0,"axis":"x","origin":[7.615282,2.588486,1.9667716]},"faces":{"down":{"uv":[0.0,0.0,1.7,1.4],"rotation":90,"texture":"#18949a78-25a6-bc3e-cf46-49c054bfb1ee","tintindex":0},"east":{"uv":[0.0,0.0,1.7,1.4],"rotation":0,"texture":"#18949a78-25a6-bc3e-cf46-49c054bfb1ee","tintindex":0},"north":{"uv":[0.0,0.0,1.7,1.4],"rotation":0,"texture":"#18949a78-25a6-bc3e-cf46-49c054bfb1ee","tintindex":0},"south":{"uv":[0.0,0.0,1.7,1.4],"rotation":0,"texture":"#18949a78-25a6-bc3e-cf46-49c054bfb1ee","tintindex":0},"up":{"uv":[0.0,0.0,1.7,1.4],"rotation":270,"texture":"#18949a78-25a6-bc3e-cf46-49c054bfb1ee","tintindex":0},"west":{"uv":[0.0,0.0,1.7,1.4],"rotation":0,"texture":"#18949a78-25a6-bc3e-cf46-49c054bfb1ee","tintindex":0}}},{"name":"cube","from":[24.788174,-7.752783,26.72684],"to":[29.130783,-3.4101782,32.0],"rotation":{"angle":0.0,"axis":"x","origin":[7.615282,2.588486,1.9667716]},"faces":{"down":{"uv":[0.0,0.0,1.7,1.4],"rotation":270,"texture":"#18949a78-25a6-bc3e-cf46-49c054bfb1ee","tintindex":0},"east":{"uv":[0.0,0.0,1.7,1.4],"rotation":180,"texture":"#18949a78-25a6-bc3e-cf46-49c054bfb1ee","tintindex":0},"north":{"uv":[0.0,0.0,1.7,1.4],"rotation":180,"texture":"#18949a78-25a6-bc3e-cf46-49c054bfb1ee","tintindex":0},"south":{"uv":[0.0,0.0,1.7,1.4],"rotation":180,"texture":"#18949a78-25a6-bc3e-cf46-49c054bfb1ee","tintindex":0},"up":{"uv":[0.0,0.0,1.7,1.4],"rotation":90,"texture":"#18949a78-25a6-bc3e-cf46-49c054bfb1ee","tintindex":0},"west":{"uv":[0.0,0.0,1.7,1.4],"rotation":180,"texture":"#18949a78-25a6-bc3e-cf46-49c054bfb1ee","tintindex":0}}},{"name":"cube","from":[-7.8847647,-7.7269354,26.72684],"to":[-3.5421586,-3.3843293,32.0],"rotation":{"angle":0.0,"axis":"x","origin":[7.615282,2.588486,1.9667716]},"faces":{"down":{"uv":[0.0,0.0,1.7,1.4],"rotation":90,"texture":"#18949a78-25a6-bc3e-cf46-49c054bfb1ee","tintindex":0},"east":{"uv":[0.0,0.0,1.7,1.4],"rotation":0,"texture":"#18949a78-25a6-bc3e-cf46-49c054bfb1ee","tintindex":0},"north":{"uv":[0.0,0.0,1.7,1.4],"rotation":0,"texture":"#18949a78-25a6-bc3e-cf46-49c054bfb1ee","tintindex":0},"south":{"uv":[0.0,0.0,1.7,1.4],"rotation":0,"texture":"#18949a78-25a6-bc3e-cf46-49c054bfb1ee","tintindex":0},"up":{"uv":[0.0,0.0,1.7,1.4],"rotation":270,"texture":"#18949a78-25a6-bc3e-cf46-49c054bfb1ee","tintindex":0},"west":{"uv":[0.0,0.0,1.7,1.4],"rotation":0,"texture":"#18949a78-25a6-bc3e-cf46-49c054bfb1ee","tintindex":0}}},{"name":"cube","from":[24.788174,9.540093,26.72684],"to":[29.130783,13.882698,32.0],"rotation":{"angle":0.0,"axis":"x","origin":[7.615282,2.588486,1.9667716]},"faces":{"down":{"uv":[0.0,0.0,1.4,1.4],"rotation":180,"texture":"#18949a78-25a6-bc3e-cf46-49c054bfb1ee","tintindex":0},"east":{"uv":[0.0,0.0,1.4,1.4],"rotation":90,"texture":"#18949a78-25a6-bc3e-cf46-49c054bfb1ee","tintindex":0},"north":{"uv":[0.0,0.0,1.4,1.4],"rotation":90,"texture":"#18949a78-25a6-bc3e-cf46-49c054bfb1ee","tintindex":0},"south":{"uv":[0.0,0.0,1.4,1.4],"rotation":90,"texture":"#18949a78-25a6-bc3e-cf46-49c054bfb1ee","tintindex":0},"up":{"uv":[0.0,0.0,1.4,1.4],"rotation":0,"texture":"#18949a78-25a6-bc3e-cf46-49c054bfb1ee","tintindex":0},"west":{"uv":[0.0,0.0,1.4,1.4],"rotation":90,"texture":"#18949a78-25a6-bc3e-cf46-49c054bfb1ee","tintindex":0}}},{"name":"cube","from":[-2.8442407,10.252374,3.5265322],"to":[24.607233,18.084572,23.998816],"rotation":{"angle":45.0,"axis":"x","origin":[7.615282,2.588486,1.9667716]},"faces":{"down":{"uv":[1.0,0.0,11.0,6.0],"rotation":90,"texture":"#ca272633-96b8-42c3-3c9e-2bca132177b5","tintindex":0},"east":{"uv":[1.0,0.0,11.0,6.0],"rotation":0,"texture":"#ca272633-96b8-42c3-3c9e-2bca132177b5","tintindex":0},"north":{"uv":[1.0,0.0,11.0,6.0],"rotation":0,"texture":"#ca272633-96b8-42c3-3c9e-2bca132177b5","tintindex":0},"south":{"uv":[1.0,0.0,11.0,6.0],"rotation":0,"texture":"#ca272633-96b8-42c3-3c9e-2bca132177b5","tintindex":0},"up":{"uv":[1.0,0.0,11.0,6.0],"rotation":270,"texture":"#ca272633-96b8-42c3-3c9e-2bca132177b5","tintindex":0},"west":{"uv":[1.0,0.0,11.0,6.0],"rotation":0,"texture":"#ca272633-96b8-42c3-3c9e-2bca132177b5","tintindex":0}}},{"name":"cube","from":[17.93823,9.160265,2.7446103],"to":[20.574812,10.40101,23.449533],"rotation":{"angle":45.0,"axis":"x","origin":[7.615282,2.588486,1.9667716]},"faces":{"down":{"uv":[7.0,6.0,9.0,10.0],"rotation":90,"texture":"#42c982e7-0c1a-2e0a-a038-3b0df28c39a6","tintindex":0},"east":{"uv":[7.0,6.0,9.0,10.0],"rotation":0,"texture":"#42c982e7-0c1a-2e0a-a038-3b0df28c39a6","tintindex":0},"north":{"uv":[7.0,6.0,9.0,10.0],"rotation":0,"texture":"#42c982e7-0c1a-2e0a-a038-3b0df28c39a6","tintindex":0},"south":{"uv":[7.0,6.0,9.0,10.0],"rotation":0,"texture":"#42c982e7-0c1a-2e0a-a038-3b0df28c39a6","tintindex":0},"up":{"uv":[7.0,6.0,9.0,10.0],"rotation":270,"texture":"#42c982e7-0c1a-2e0a-a038-3b0df28c39a6","tintindex":0},"west":{"uv":[7.0,6.0,9.0,10.0],"rotation":0,"texture":"#42c982e7-0c1a-2e0a-a038-3b0df28c39a6","tintindex":0}}},{"name":"cube","from":[17.93823,-7.9551716,21.804329],"to":[20.574812,-6.714426,27.620317],"rotation":{"angle":0.0,"axis":"x","origin":[7.615282,2.588486,1.9667716]},"faces":{"down":{"uv":[7.0,6.0,9.0,10.0],"rotation":90,"texture":"#42c982e7-0c1a-2e0a-a038-3b0df28c39a6","tintindex":0},"east":{"uv":[7.0,6.0,9.0,10.0],"rotation":0,"texture":"#42c982e7-0c1a-2e0a-a038-3b0df28c39a6","tintindex":0},"north":{"uv":[7.0,6.0,9.0,10.0],"rotation":0,"texture":"#42c982e7-0c1a-2e0a-a038-3b0df28c39a6","tintindex":0},"south":{"uv":[7.0,6.0,9.0,10.0],"rotation":0,"texture":"#42c982e7-0c1a-2e0a-a038-3b0df28c39a6","tintindex":0},"up":{"uv":[7.0,6.0,9.0,10.0],"rotation":270,"texture":"#42c982e7-0c1a-2e0a-a038-3b0df28c39a6","tintindex":0},"west":{"uv":[7.0,6.0,9.0,10.0],"rotation":0,"texture":"#42c982e7-0c1a-2e0a-a038-3b0df28c39a6","tintindex":0}}},{"name":"cube","from":[5.918518,-7.9551716,21.804329],"to":[8.5550995,-6.714426,27.620317],"rotation":{"angle":0.0,"axis":"x","origin":[7.615282,2.588486,1.9667716]},"faces":{"down":{"uv":[7.0,6.0,9.0,10.0],"rotation":90,"texture":"#42c982e7-0c1a-2e0a-a038-3b0df28c39a6","tintindex":0},"east":{"uv":[7.0,6.0,9.0,10.0],"rotation":0,"texture":"#42c982e7-0c1a-2e0a-a038-3b0df28c39a6","tintindex":0},"north":{"uv":[7.0,6.0,9.0,10.0],"rotation":0,"texture":"#42c982e7-0c1a-2e0a-a038-3b0df28c39a6","tintindex":0},"south":{"uv":[7.0,6.0,9.0,10.0],"rotation":0,"texture":"#42c982e7-0c1a-2e0a-a038-3b0df28c39a6","tintindex":0},"up":{"uv":[7.0,6.0,9.0,10.0],"rotation":270,"texture":"#42c982e7-0c1a-2e0a-a038-3b0df28c39a6","tintindex":0},"west":{"uv":[7.0,6.0,9.0,10.0],"rotation":0,"texture":"#42c982e7-0c1a-2e0a-a038-3b0df28c39a6","tintindex":0}}},{"name":"cube","from":[12.587519,-7.9551716,21.804329],"to":[15.224102,-6.714426,27.620317],"rotation":{"angle":0.0,"axis":"x","origin":[7.615282,2.588486,1.9667716]},"faces":{"down":{"uv":[7.0,6.0,9.0,10.0],"rotation":90,"texture":"#42c982e7-0c1a-2e0a-a038-3b0df28c39a6","tintindex":0},"east":{"uv":[7.0,6.0,9.0,10.0],"rotation":0,"texture":"#42c982e7-0c1a-2e0a-a038-3b0df28c39a6","tintindex":0},"north":{"uv":[7.0,6.0,9.0,10.0],"rotation":0,"texture":"#42c982e7-0c1a-2e0a-a038-3b0df28c39a6","tintindex":0},"south":{"uv":[7.0,6.0,9.0,10.0],"rotation":0,"texture":"#42c982e7-0c1a-2e0a-a038-3b0df28c39a6","tintindex":0},"up":{"uv":[7.0,6.0,9.0,10.0],"rotation":270,"texture":"#42c982e7-0c1a-2e0a-a038-3b0df28c39a6","tintindex":0},"west":{"uv":[7.0,6.0,9.0,10.0],"rotation":0,"texture":"#42c982e7-0c1a-2e0a-a038-3b0df28c39a6","tintindex":0}}},{"name":"cube","from":[0.5678072,-7.9551716,21.804329],"to":[3.2043896,-6.714426,27.620317],"rotation":{"angle":0.0,"axis":"x","origin":[7.615282,2.588486,1.9667716]},"faces":{"down":{"uv":[7.0,6.0,9.0,10.0],"rotation":90,"texture":"#42c982e7-0c1a-2e0a-a038-3b0df28c39a6","tintindex":0},"east":{"uv":[7.0,6.0,9.0,10.0],"rotation":0,"texture":"#42c982e7-0c1a-2e0a-a038-3b0df28c39a6","tintindex":0},"north":{"uv":[7.0,6.0,9.0,10.0],"rotation":0,"texture":"#42c982e7-0c1a-2e0a-a038-3b0df28c39a6","tintindex":0},"south":{"uv":[7.0,6.0,9.0,10.0],"rotation":0,"texture":"#42c982e7-0c1a-2e0a-a038-3b0df28c39a6","tintindex":0},"up":{"uv":[7.0,6.0,9.0,10.0],"rotation":270,"texture":"#42c982e7-0c1a-2e0a-a038-3b0df28c39a6","tintindex":0},"west":{"uv":[7.0,6.0,9.0,10.0],"rotation":0,"texture":"#42c982e7-0c1a-2e0a-a038-3b0df28c39a6","tintindex":0}}},{"name":"cube","from":[5.918518,9.160265,2.7446103],"to":[8.5550995,10.40101,23.449533],"rotation":{"angle":45.0,"axis":"x","origin":[7.615282,2.588486,1.9667716]},"faces":{"down":{"uv":[7.0,6.0,9.0,10.0],"rotation":90,"texture":"#42c982e7-0c1a-2e0a-a038-3b0df28c39a6","tintindex":0},"east":{"uv":[7.0,6.0,9.0,10.0],"rotation":0,"texture":"#42c982e7-0c1a-2e0a-a038-3b0df28c39a6","tintindex":0},"north":{"uv":[7.0,6.0,9.0,10.0],"rotation":0,"texture":"#42c982e7-0c1a-2e0a-a038-3b0df28c39a6","tintindex":0},"south":{"uv":[7.0,6.0,9.0,10.0],"rotation":0,"texture":"#42c982e7-0c1a-2e0a-a038-3b0df28c39a6","tintindex":0},"up":{"uv":[7.0,6.0,9.0,10.0],"rotation":270,"texture":"#42c982e7-0c1a-2e0a-a038-3b0df28c39a6","tintindex":0},"west":{"uv":[7.0,6.0,9.0,10.0],"rotation":0,"texture":"#42c982e7-0c1a-2e0a-a038-3b0df28c39a6","tintindex":0}}},{"name":"cube","from":[12.587519,9.160265,2.7446103],"to":[15.224102,10.40101,23.449533],"rotation":{"angle":45.0,"axis":"x","origin":[7.615282,2.588486,1.9667716]},"faces":{"down":{"uv":[7.0,6.0,9.0,10.0],"rotation":90,"texture":"#42c982e7-0c1a-2e0a-a038-3b0df28c39a6","tintindex":0},"east":{"uv":[7.0,6.0,9.0,10.0],"rotation":0,"texture":"#42c982e7-0c1a-2e0a-a038-3b0df28c39a6","tintindex":0},"north":{"uv":[7.0,6.0,9.0,10.0],"rotation":0,"texture":"#42c982e7-0c1a-2e0a-a038-3b0df28c39a6","tintindex":0},"south":{"uv":[7.0,6.0,9.0,10.0],"rotation":0,"texture":"#42c982e7-0c1a-2e0a-a038-3b0df28c39a6","tintindex":0},"up":{"uv":[7.0,6.0,9.0,10.0],"rotation":270,"texture":"#42c982e7-0c1a-2e0a-a038-3b0df28c39a6","tintindex":0},"west":{"uv":[7.0,6.0,9.0,10.0],"rotation":0,"texture":"#42c982e7-0c1a-2e0a-a038-3b0df28c39a6","tintindex":0}}},{"name":"cube","from":[0.5678072,9.160265,2.7446103],"to":[3.2043896,10.40101,23.449533],"rotation":{"angle":45.0,"axis":"x","origin":[7.615282,2.588486,1.9667716]},"faces":{"down":{"uv":[7.0,6.0,9.0,10.0],"rotation":90,"texture":"#42c982e7-0c1a-2e0a-a038-3b0df28c39a6","tintindex":0},"east":{"uv":[7.0,6.0,9.0,10.0],"rotation":0,"texture":"#42c982e7-0c1a-2e0a-a038-3b0df28c39a6","tintindex":0},"north":{"uv":[7.0,6.0,9.0,10.0],"rotation":0,"texture":"#42c982e7-0c1a-2e0a-a038-3b0df28c39a6","tintindex":0},"south":{"uv":[7.0,6.0,9.0,10.0],"rotation":0,"texture":"#42c982e7-0c1a-2e0a-a038-3b0df28c39a6","tintindex":0},"up":{"uv":[7.0,6.0,9.0,10.0],"rotation":270,"texture":"#42c982e7-0c1a-2e0a-a038-3b0df28c39a6","tintindex":0},"west":{"uv":[7.0,6.0,9.0,10.0],"rotation":0,"texture":"#42c982e7-0c1a-2e0a-a038-3b0df28c39a6","tintindex":0}}},{"name":"cube","from":[-0.7504835,7.1619997,3.5404253],"to":[22.125742,15.5370245,12.846008],"rotation":{"angle":0.0,"axis":"x","origin":[7.615282,2.588486,1.9667716]},"faces":{"down":{"uv":[1.0,9.0,15.0,14.0],"rotation":180,"texture":"#69af02fb-aea6-49f3-04e1-16069eb24a75","tintindex":0},"east":{"uv":[1.0,9.0,15.0,14.0],"rotation":90,"texture":"#69af02fb-aea6-49f3-04e1-16069eb24a75","tintindex":0},"north":{"uv":[1.0,9.0,15.0,14.0],"rotation":90,"texture":"#69af02fb-aea6-49f3-04e1-16069eb24a75","tintindex":0},"south":{"uv":[1.0,9.0,15.0,14.0],"rotation":90,"texture":"#69af02fb-aea6-49f3-04e1-16069eb24a75","tintindex":0},"up":{"uv":[1.0,9.0,15.0,14.0],"rotation":0,"texture":"#69af02fb-aea6-49f3-04e1-16069eb24a75","tintindex":0},"west":{"uv":[1.0,9.0,15.0,14.0],"rotation":90,"texture":"#69af02fb-aea6-49f3-04e1-16069eb24a75","tintindex":0}}},{"name":"cube","from":[4.367587,13.2106285,-2.4306574],"to":[5.918518,14.761559,3.5404253],"rotation":{"angle":0.0,"axis":"x","origin":[7.615282,2.588486,1.9667716]},"faces":{"down":{"uv":[7.0,7.0,9.0,9.0],"rotation":90,"texture":"#42c982e7-0c1a-2e0a-a038-3b0df28c39a6","tintindex":0},"east":{"uv":[7.0,7.0,9.0,9.0],"rotation":0,"texture":"#42c982e7-0c1a-2e0a-a038-3b0df28c39a6","tintindex":0},"north":{"uv":[7.0,7.0,9.0,9.0],"rotation":0,"texture":"#42c982e7-0c1a-2e0a-a038-3b0df28c39a6","tintindex":0},"south":{"uv":[7.0,7.0,9.0,9.0],"rotation":0,"texture":"#42c982e7-0c1a-2e0a-a038-3b0df28c39a6","tintindex":0},"up":{"uv":[7.0,7.0,9.0,9.0],"rotation":270,"texture":"#42c982e7-0c1a-2e0a-a038-3b0df28c39a6","tintindex":0},"west":{"uv":[7.0,7.0,9.0,9.0],"rotation":0,"texture":"#42c982e7-0c1a-2e0a-a038-3b0df28c39a6","tintindex":0}}},{"name":"cube","from":[-3.464612,13.2106285,-2.4306574],"to":[-1.9136825,14.761559,0.9813895],"rotation":{"angle":0.0,"axis":"x","origin":[7.615282,2.588486,1.9667716]},"faces":{"down":{"uv":[7.0,7.0,9.0,9.0],"rotation":90,"texture":"#42c982e7-0c1a-2e0a-a038-3b0df28c39a6","tintindex":0},"east":{"uv":[7.0,7.0,9.0,9.0],"rotation":0,"texture":"#42c982e7-0c1a-2e0a-a038-3b0df28c39a6","tintindex":0},"north":{"uv":[7.0,7.0,9.0,9.0],"rotation":0,"texture":"#42c982e7-0c1a-2e0a-a038-3b0df28c39a6","tintindex":0},"south":{"uv":[7.0,7.0,9.0,9.0],"rotation":0,"texture":"#42c982e7-0c1a-2e0a-a038-3b0df28c39a6","tintindex":0},"up":{"uv":[7.0,7.0,9.0,9.0],"rotation":270,"texture":"#42c982e7-0c1a-2e0a-a038-3b0df28c39a6","tintindex":0},"west":{"uv":[7.0,7.0,9.0,9.0],"rotation":0,"texture":"#42c982e7-0c1a-2e0a-a038-3b0df28c39a6","tintindex":0}}},{"name":"cube","from":[23.676674,13.2106285,-2.4306574],"to":[25.227604,14.761559,0.9813895],"rotation":{"angle":0.0,"axis":"x","origin":[7.615282,2.588486,1.9667716]},"faces":{"down":{"uv":[7.0,7.0,9.0,9.0],"rotation":90,"texture":"#42c982e7-0c1a-2e0a-a038-3b0df28c39a6","tintindex":0},"east":{"uv":[7.0,7.0,9.0,9.0],"rotation":180,"texture":"#42c982e7-0c1a-2e0a-a038-3b0df28c39a6","tintindex":0},"north":{"uv":[7.0,7.0,9.0,9.0],"rotation":180,"texture":"#42c982e7-0c1a-2e0a-a038-3b0df28c39a6","tintindex":0},"south":{"uv":[7.0,7.0,9.0,9.0],"rotation":180,"texture":"#42c982e7-0c1a-2e0a-a038-3b0df28c39a6","tintindex":0},"up":{"uv":[7.0,7.0,9.0,9.0],"rotation":270,"texture":"#42c982e7-0c1a-2e0a-a038-3b0df28c39a6","tintindex":0},"west":{"uv":[7.0,7.0,9.0,9.0],"rotation":180,"texture":"#42c982e7-0c1a-2e0a-a038-3b0df28c39a6","tintindex":0}}},{"name":"cube","from":[-3.464612,13.2106285,0.9813895],"to":[3.0492954,14.761559,2.2996807],"rotation":{"angle":0.0,"axis":"x","origin":[7.615282,2.588486,1.9667716]},"faces":{"down":{"uv":[7.0,7.0,9.0,9.0],"rotation":90,"texture":"#42c982e7-0c1a-2e0a-a038-3b0df28c39a6","tintindex":0},"east":{"uv":[7.0,7.0,9.0,9.0],"rotation":0,"texture":"#42c982e7-0c1a-2e0a-a038-3b0df28c39a6","tintindex":0},"north":{"uv":[7.0,7.0,9.0,9.0],"rotation":0,"texture":"#42c982e7-0c1a-2e0a-a038-3b0df28c39a6","tintindex":0},"south":{"uv":[7.0,7.0,9.0,9.0],"rotation":0,"texture":"#42c982e7-0c1a-2e0a-a038-3b0df28c39a6","tintindex":0},"up":{"uv":[7.0,7.0,9.0,9.0],"rotation":0,"texture":"#42c982e7-0c1a-2e0a-a038-3b0df28c39a6","tintindex":0},"west":{"uv":[7.0,7.0,9.0,9.0],"rotation":0,"texture":"#42c982e7-0c1a-2e0a-a038-3b0df28c39a6","tintindex":0}}},{"name":"cube","from":[18.713696,13.2106285,0.9813895],"to":[25.227604,14.761559,2.2996807],"rotation":{"angle":0.0,"axis":"x","origin":[7.615282,2.588486,1.9667716]},"faces":{"down":{"uv":[7.0,7.0,9.0,9.0],"rotation":180,"texture":"#42c982e7-0c1a-2e0a-a038-3b0df28c39a6","tintindex":0},"east":{"uv":[7.0,7.0,9.0,9.0],"rotation":180,"texture":"#42c982e7-0c1a-2e0a-a038-3b0df28c39a6","tintindex":0},"north":{"uv":[7.0,7.0,9.0,9.0],"rotation":180,"texture":"#42c982e7-0c1a-2e0a-a038-3b0df28c39a6","tintindex":0},"south":{"uv":[7.0,7.0,9.0,9.0],"rotation":180,"texture":"#42c982e7-0c1a-2e0a-a038-3b0df28c39a6","tintindex":0},"up":{"uv":[7.0,7.0,9.0,9.0],"rotation":270,"texture":"#42c982e7-0c1a-2e0a-a038-3b0df28c39a6","tintindex":0},"west":{"uv":[7.0,7.0,9.0,9.0],"rotation":180,"texture":"#42c982e7-0c1a-2e0a-a038-3b0df28c39a6","tintindex":0}}},{"name":"cube","from":[-1.9097323,13.2106285,8.154697],"to":[0.57175684,14.839106,9.705628],"rotation":{"angle":0.0,"axis":"x","origin":[25.600788,0.61517143,7.7610064]},"faces":{"down":{"uv":[7.0,7.0,9.0,9.0],"rotation":0,"texture":"#42c982e7-0c1a-2e0a-a038-3b0df28c39a6","tintindex":0},"east":{"uv":[7.0,7.0,9.0,9.0],"rotation":90,"texture":"#42c982e7-0c1a-2e0a-a038-3b0df28c39a6","tintindex":0},"north":{"uv":[7.0,7.0,9.0,9.0],"rotation":90,"texture":"#42c982e7-0c1a-2e0a-a038-3b0df28c39a6","tintindex":0},"south":{"uv":[7.0,7.0,9.0,9.0],"rotation":90,"texture":"#42c982e7-0c1a-2e0a-a038-3b0df28c39a6","tintindex":0},"up":{"uv":[7.0,7.0,9.0,9.0],"rotation":180,"texture":"#42c982e7-0c1a-2e0a-a038-3b0df28c39a6","tintindex":0},"west":{"uv":[7.0,7.0,9.0,9.0],"rotation":90,"texture":"#42c982e7-0c1a-2e0a-a038-3b0df28c39a6","tintindex":0}}},{"name":"cube","from":[12.12224,13.2106285,-2.4306574],"to":[13.673172,14.761559,3.5404253],"rotation":{"angle":0.0,"axis":"x","origin":[7.615282,2.588486,1.9667716]},"faces":{"down":{"uv":[7.0,7.0,9.0,9.0],"rotation":90,"texture":"#42c982e7-0c1a-2e0a-a038-3b0df28c39a6","tintindex":0},"east":{"uv":[7.0,7.0,9.0,9.0],"rotation":0,"texture":"#42c982e7-0c1a-2e0a-a038-3b0df28c39a6","tintindex":0},"north":{"uv":[7.0,7.0,9.0,9.0],"rotation":0,"texture":"#42c982e7-0c1a-2e0a-a038-3b0df28c39a6","tintindex":0},"south":{"uv":[7.0,7.0,9.0,9.0],"rotation":0,"texture":"#42c982e7-0c1a-2e0a-a038-3b0df28c39a6","tintindex":0},"up":{"uv":[7.0,7.0,9.0,9.0],"rotation":270,"texture":"#42c982e7-0c1a-2e0a-a038-3b0df28c39a6","tintindex":0},"west":{"uv":[7.0,7.0,9.0,9.0],"rotation":0,"texture":"#42c982e7-0c1a-2e0a-a038-3b0df28c39a6","tintindex":0}}},{"name":"cube","from":[7.7796354,13.2106285,-2.4306574],"to":[9.330565,14.761559,3.5404253],"rotation":{"angle":0.0,"axis":"x","origin":[7.615282,2.588486,1.9667716]},"faces":{"down":{"uv":[7.0,7.0,9.0,9.0],"rotation":90,"texture":"#42c982e7-0c1a-2e0a-a038-3b0df28c39a6","tintindex":0},"east":{"uv":[7.0,7.0,9.0,9.0],"rotation":0,"texture":"#42c982e7-0c1a-2e0a-a038-3b0df28c39a6","tintindex":0},"north":{"uv":[7.0,7.0,9.0,9.0],"rotation":0,"texture":"#42c982e7-0c1a-2e0a-a038-3b0df28c39a6","tintindex":0},"south":{"uv":[7.0,7.0,9.0,9.0],"rotation":0,"texture":"#42c982e7-0c1a-2e0a-a038-3b0df28c39a6","tintindex":0},"up":{"uv":[7.0,7.0,9.0,9.0],"rotation":270,"texture":"#42c982e7-0c1a-2e0a-a038-3b0df28c39a6","tintindex":0},"west":{"uv":[7.0,7.0,9.0,9.0],"rotation":0,"texture":"#42c982e7-0c1a-2e0a-a038-3b0df28c39a6","tintindex":0}}},{"name":"cube","from":[-0.05256462,13.2106285,-2.4306574],"to":[1.4983654,14.761559,0.9813895],"rotation":{"angle":0.0,"axis":"x","origin":[7.615282,2.588486,1.9667716]},"faces":{"down":{"uv":[7.0,7.0,9.0,9.0],"rotation":90,"texture":"#42c982e7-0c1a-2e0a-a038-3b0df28c39a6","tintindex":0},"east":{"uv":[7.0,7.0,9.0,9.0],"rotation":0,"texture":"#42c982e7-0c1a-2e0a-a038-3b0df28c39a6","tintindex":0},"north":{"uv":[7.0,7.0,9.0,9.0],"rotation":0,"texture":"#42c982e7-0c1a-2e0a-a038-3b0df28c39a6","tintindex":0},"south":{"uv":[7.0,7.0,9.0,9.0],"rotation":0,"texture":"#42c982e7-0c1a-2e0a-a038-3b0df28c39a6","tintindex":0},"up":{"uv":[7.0,7.0,9.0,9.0],"rotation":270,"texture":"#42c982e7-0c1a-2e0a-a038-3b0df28c39a6","tintindex":0},"west":{"uv":[7.0,7.0,9.0,9.0],"rotation":0,"texture":"#42c982e7-0c1a-2e0a-a038-3b0df28c39a6","tintindex":0}}},{"name":"cube","from":[20.264626,13.2106285,-2.4306574],"to":[21.815557,14.761559,0.9813895],"rotation":{"angle":0.0,"axis":"x","origin":[7.615282,2.588486,1.9667716]},"faces":{"down":{"uv":[7.0,7.0,9.0,9.0],"rotation":90,"texture":"#42c982e7-0c1a-2e0a-a038-3b0df28c39a6","tintindex":0},"east":{"uv":[7.0,7.0,9.0,9.0],"rotation":180,"texture":"#42c982e7-0c1a-2e0a-a038-3b0df28c39a6","tintindex":0},"north":{"uv":[7.0,7.0,9.0,9.0],"rotation":180,"texture":"#42c982e7-0c1a-2e0a-a038-3b0df28c39a6","tintindex":0},"south":{"uv":[7.0,7.0,9.0,9.0],"rotation":180,"texture":"#42c982e7-0c1a-2e0a-a038-3b0df28c39a6","tintindex":0},"up":{"uv":[7.0,7.0,9.0,9.0],"rotation":270,"texture":"#42c982e7-0c1a-2e0a-a038-3b0df28c39a6","tintindex":0},"west":{"uv":[7.0,7.0,9.0,9.0],"rotation":180,"texture":"#42c982e7-0c1a-2e0a-a038-3b0df28c39a6","tintindex":0}}},{"name":"cube","from":[1.4983654,13.2106285,2.2996807],"to":[3.0492954,14.761559,5.711727],"rotation":{"angle":0.0,"axis":"x","origin":[7.615282,2.588486,1.9667716]},"faces":{"down":{"uv":[7.0,7.0,9.0,9.0],"rotation":90,"texture":"#42c982e7-0c1a-2e0a-a038-3b0df28c39a6","tintindex":0},"east":{"uv":[7.0,7.0,9.0,9.0],"rotation":0,"texture":"#42c982e7-0c1a-2e0a-a038-3b0df28c39a6","tintindex":0},"north":{"uv":[7.0,7.0,9.0,9.0],"rotation":0,"texture":"#42c982e7-0c1a-2e0a-a038-3b0df28c39a6","tintindex":0},"south":{"uv":[7.0,7.0,9.0,9.0],"rotation":0,"texture":"#42c982e7-0c1a-2e0a-a038-3b0df28c39a6","tintindex":0},"up":{"uv":[7.0,7.0,9.0,9.0],"rotation":0,"texture":"#42c982e7-0c1a-2e0a-a038-3b0df28c39a6","tintindex":0},"west":{"uv":[7.0,7.0,9.0,9.0],"rotation":0,"texture":"#42c982e7-0c1a-2e0a-a038-3b0df28c39a6","tintindex":0}}},{"name":"cube","from":[18.713696,13.2106285,2.2996807],"to":[20.264626,14.761559,5.711727],"rotation":{"angle":0.0,"axis":"x","origin":[7.615282,2.588486,1.9667716]},"faces":{"down":{"uv":[7.0,7.0,9.0,9.0],"rotation":180,"texture":"#42c982e7-0c1a-2e0a-a038-3b0df28c39a6","tintindex":0},"east":{"uv":[7.0,7.0,9.0,9.0],"rotation":180,"texture":"#42c982e7-0c1a-2e0a-a038-3b0df28c39a6","tintindex":0},"north":{"uv":[7.0,7.0,9.0,9.0],"rotation":180,"texture":"#42c982e7-0c1a-2e0a-a038-3b0df28c39a6","tintindex":0},"south":{"uv":[7.0,7.0,9.0,9.0],"rotation":180,"texture":"#42c982e7-0c1a-2e0a-a038-3b0df28c39a6","tintindex":0},"up":{"uv":[7.0,7.0,9.0,9.0],"rotation":270,"texture":"#42c982e7-0c1a-2e0a-a038-3b0df28c39a6","tintindex":0},"west":{"uv":[7.0,7.0,9.0,9.0],"rotation":180,"texture":"#42c982e7-0c1a-2e0a-a038-3b0df28c39a6","tintindex":0}}},{"name":"cube","from":[-1.9097323,13.2106285,4.74265],"to":[0.57175684,14.839106,6.293581],"rotation":{"angle":0.0,"axis":"x","origin":[25.600788,0.61517143,7.7610064]},"faces":{"down":{"uv":[7.0,7.0,9.0,9.0],"rotation":0,"texture":"#42c982e7-0c1a-2e0a-a038-3b0df28c39a6","tintindex":0},"east":{"uv":[7.0,7.0,9.0,9.0],"rotation":90,"texture":"#42c982e7-0c1a-2e0a-a038-3b0df28c39a6","tintindex":0},"north":{"uv":[7.0,7.0,9.0,9.0],"rotation":90,"texture":"#42c982e7-0c1a-2e0a-a038-3b0df28c39a6","tintindex":0},"south":{"uv":[7.0,7.0,9.0,9.0],"rotation":90,"texture":"#42c982e7-0c1a-2e0a-a038-3b0df28c39a6","tintindex":0},"up":{"uv":[7.0,7.0,9.0,9.0],"rotation":180,"texture":"#42c982e7-0c1a-2e0a-a038-3b0df28c39a6","tintindex":0},"west":{"uv":[7.0,7.0,9.0,9.0],"rotation":90,"texture":"#42c982e7-0c1a-2e0a-a038-3b0df28c39a6","tintindex":0}}},{"name":"cube","from":[15.534288,13.2106285,-2.4306574],"to":[17.085218,14.761559,3.5404253],"rotation":{"angle":0.0,"axis":"x","origin":[7.615282,2.588486,1.9667716]},"faces":{"down":{"uv":[7.0,7.0,9.0,9.0],"rotation":90,"texture":"#42c982e7-0c1a-2e0a-a038-3b0df28c39a6","tintindex":0},"east":{"uv":[7.0,7.0,9.0,9.0],"rotation":0,"texture":"#42c982e7-0c1a-2e0a-a038-3b0df28c39a6","tintindex":0},"north":{"uv":[7.0,7.0,9.0,9.0],"rotation":0,"texture":"#42c982e7-0c1a-2e0a-a038-3b0df28c39a6","tintindex":0},"south":{"uv":[7.0,7.0,9.0,9.0],"rotation":0,"texture":"#42c982e7-0c1a-2e0a-a038-3b0df28c39a6","tintindex":0},"up":{"uv":[7.0,7.0,9.0,9.0],"rotation":270,"texture":"#42c982e7-0c1a-2e0a-a038-3b0df28c39a6","tintindex":0},"west":{"uv":[7.0,7.0,9.0,9.0],"rotation":0,"texture":"#42c982e7-0c1a-2e0a-a038-3b0df28c39a6","tintindex":0}}},{"name":"cube","from":[3.9023075,9.023116,12.846008],"to":[9.253018,14.839106,27.037024],"rotation":{"angle":0.0,"axis":"x","origin":[7.615282,2.588486,1.9667716]},"faces":{"down":{"uv":[6.0,7.0,10.0,9.0],"rotation":90,"texture":"#42c982e7-0c1a-2e0a-a038-3b0df28c39a6","tintindex":0},"east":{"uv":[6.0,7.0,10.0,9.0],"rotation":0,"texture":"#42c982e7-0c1a-2e0a-a038-3b0df28c39a6","tintindex":0},"north":{"uv":[6.0,7.0,10.0,9.0],"rotation":0,"texture":"#42c982e7-0c1a-2e0a-a038-3b0df28c39a6","tintindex":0},"south":{"uv":[6.0,7.0,10.0,9.0],"rotation":0,"texture":"#42c982e7-0c1a-2e0a-a038-3b0df28c39a6","tintindex":0},"up":{"uv":[6.0,7.0,10.0,9.0],"rotation":270,"texture":"#42c982e7-0c1a-2e0a-a038-3b0df28c39a6","tintindex":0},"west":{"uv":[6.0,7.0,10.0,9.0],"rotation":0,"texture":"#42c982e7-0c1a-2e0a-a038-3b0df28c39a6","tintindex":0}}},{"name":"cube","from":[2.0258684,5.766161,6.8749256],"to":[26.84076,14.606466,8.58095],"rotation":{"angle":0.0,"axis":"x","origin":[0.8203635,2.588486,1.9667716]},"faces":{"down":{"uv":[6.0,7.0,10.0,9.0],"rotation":0,"texture":"#42c982e7-0c1a-2e0a-a038-3b0df28c39a6","tintindex":0},"east":{"uv":[6.0,7.0,10.0,9.0],"rotation":0,"texture":"#42c982e7-0c1a-2e0a-a038-3b0df28c39a6","tintindex":0},"north":{"uv":[6.0,7.0,10.0,9.0],"rotation":0,"texture":"#42c982e7-0c1a-2e0a-a038-3b0df28c39a6","tintindex":0},"south":{"uv":[6.0,7.0,10.0,9.0],"rotation":0,"texture":"#42c982e7-0c1a-2e0a-a038-3b0df28c39a6","tintindex":0},"up":{"uv":[6.0,7.0,10.0,9.0],"rotation":0,"texture":"#42c982e7-0c1a-2e0a-a038-3b0df28c39a6","tintindex":0},"west":{"uv":[6.0,7.0,10.0,9.0],"rotation":0,"texture":"#42c982e7-0c1a-2e0a-a038-3b0df28c39a6","tintindex":0}}},{"name":"cube","from":[19.494535,5.766161,6.8749256],"to":[24.612606,7.006906,8.58095],"rotation":{"angle":0.0,"axis":"x","origin":[30.34179,2.588486,1.9667716]},"faces":{"down":{"uv":[6.0,7.0,10.0,9.0],"rotation":0,"texture":"#42c982e7-0c1a-2e0a-a038-3b0df28c39a6","tintindex":0},"east":{"uv":[6.0,7.0,10.0,9.0],"rotation":0,"texture":"#42c982e7-0c1a-2e0a-a038-3b0df28c39a6","tintindex":0},"north":{"uv":[6.0,7.0,10.0,9.0],"rotation":0,"texture":"#42c982e7-0c1a-2e0a-a038-3b0df28c39a6","tintindex":0},"south":{"uv":[6.0,7.0,10.0,9.0],"rotation":0,"texture":"#42c982e7-0c1a-2e0a-a038-3b0df28c39a6","tintindex":0},"up":{"uv":[6.0,7.0,10.0,9.0],"rotation":0,"texture":"#42c982e7-0c1a-2e0a-a038-3b0df28c39a6","tintindex":0},"west":{"uv":[6.0,7.0,10.0,9.0],"rotation":0,"texture":"#42c982e7-0c1a-2e0a-a038-3b0df28c39a6","tintindex":0}}},{"name":"cube","from":[13.362984,9.023116,12.846008],"to":[18.713696,14.839106,27.037024],"rotation":{"angle":0.0,"axis":"x","origin":[7.615282,2.588486,1.9667716]},"faces":{"down":{"uv":[6.0,7.0,10.0,9.0],"rotation":90,"texture":"#42c982e7-0c1a-2e0a-a038-3b0df28c39a6","tintindex":0},"east":{"uv":[6.0,7.0,10.0,9.0],"rotation":0,"texture":"#42c982e7-0c1a-2e0a-a038-3b0df28c39a6","tintindex":0},"north":{"uv":[6.0,7.0,10.0,9.0],"rotation":0,"texture":"#42c982e7-0c1a-2e0a-a038-3b0df28c39a6","tintindex":0},"south":{"uv":[6.0,7.0,10.0,9.0],"rotation":0,"texture":"#42c982e7-0c1a-2e0a-a038-3b0df28c39a6","tintindex":0},"up":{"uv":[6.0,7.0,10.0,9.0],"rotation":270,"texture":"#42c982e7-0c1a-2e0a-a038-3b0df28c39a6","tintindex":0},"west":{"uv":[6.0,7.0,10.0,9.0],"rotation":0,"texture":"#42c982e7-0c1a-2e0a-a038-3b0df28c39a6","tintindex":0}}},{"name":"cube","from":[-5.015543,6.2314405,-3.5163097],"to":[26.778534,14.916652,-1.8102856],"rotation":{"angle":0.0,"axis":"x","origin":[7.615282,2.588486,1.9667716]},"faces":{"down":{"uv":[1.0,3.0,4.0,6.0],"rotation":90,"texture":"#18949a78-25a6-bc3e-cf46-49c054bfb1ee","tintindex":0},"east":{"uv":[1.0,3.0,4.0,6.0],"rotation":0,"texture":"#18949a78-25a6-bc3e-cf46-49c054bfb1ee","tintindex":0},"north":{"uv":[1.0,3.0,4.0,6.0],"rotation":0,"texture":"#18949a78-25a6-bc3e-cf46-49c054bfb1ee","tintindex":0},"south":{"uv":[1.0,3.0,4.0,6.0],"rotation":0,"texture":"#18949a78-25a6-bc3e-cf46-49c054bfb1ee","tintindex":0},"up":{"uv":[1.0,3.0,4.0,6.0],"rotation":270,"texture":"#18949a78-25a6-bc3e-cf46-49c054bfb1ee","tintindex":0},"west":{"uv":[1.0,3.0,4.0,6.0],"rotation":0,"texture":"#18949a78-25a6-bc3e-cf46-49c054bfb1ee","tintindex":0}}}],"display":{"head":{"translation":[22.921982,-6.4,15.286409],"rotation":[0.0,0.0,0.0],"scale":[3.7333333,3.7333333,3.7333333]},"gui":{"translation":[0.0,0.0,0.0],"rotation":[35.0,225.0,0.0],"scale":[0.625,0.625,0.625]}}}