{"file_name":"chest","texture_size":[64,64],"textures":{"62f04d29-a502-869c-decb-ba66bcda65bf":"modelengine:entity/d7ac4b7192d122c40a22aaea46120c1b472b15c855921b38b6ddb2116e733aa7"},"elements":[{"name":"cube","from":[5.6,15.2,6.8],"to":[10.4,22.400002,9.2],"rotation":{"angle":0.0,"axis":"x","origin":[8.0,8.0,8.0]},"faces":{"down":{"uv":[7.0,4.0,9.0,5.0],"rotation":0,"texture":"#62f04d29-a502-869c-decb-ba66bcda65bf","tintindex":0},"east":{"uv":[4.0,5.0,5.0,8.0],"rotation":0,"texture":"#62f04d29-a502-869c-decb-ba66bcda65bf","tintindex":0},"north":{"uv":[5.0,5.0,7.0,8.0],"rotation":0,"texture":"#62f04d29-a502-869c-decb-ba66bcda65bf","tintindex":0},"south":{"uv":[8.0,5.0,10.0,8.0],"rotation":0,"texture":"#62f04d29-a502-869c-decb-ba66bcda65bf","tintindex":0},"up":{"uv":[5.0,4.0,7.0,5.0],"rotation":0,"texture":"#62f04d29-a502-869c-decb-ba66bcda65bf","tintindex":0},"west":{"uv":[7.0,5.0,8.0,8.0],"rotation":0,"texture":"#62f04d29-a502-869c-decb-ba66bcda65bf","tintindex":0}}},{"name":"cube","from":[5.6,15.2,6.8],"to":[10.4,22.400002,9.2],"rotation":{"angle":0.0,"axis":"x","origin":[8.0,8.0,8.0]},"faces":{"down":{"uv":[7.0,4.0,9.0,5.0],"rotation":0,"texture":"#62f04d29-a502-869c-decb-ba66bcda65bf","tintindex":0},"east":{"uv":[4.0,5.0,5.0,8.0],"rotation":0,"texture":"#62f04d29-a502-869c-decb-ba66bcda65bf","tintindex":0},"north":{"uv":[5.0,5.0,7.0,8.0],"rotation":0,"texture":"#62f04d29-a502-869c-decb-ba66bcda65bf","tintindex":0},"south":{"uv":[8.0,5.0,10.0,8.0],"rotation":0,"texture":"#62f04d29-a502-869c-decb-ba66bcda65bf","tintindex":0},"up":{"uv":[5.0,4.0,7.0,5.0],"rotation":0,"texture":"#62f04d29-a502-869c-decb-ba66bcda65bf","tintindex":0},"west":{"uv":[7.0,5.0,8.0,8.0],"rotation":0,"texture":"#62f04d29-a502-869c-decb-ba66bcda65bf","tintindex":0}}}],"display":{"head":{"translation":[0.0,-6.4,0.0],"rotation":[0.0,0.0,0.0],"scale":[3.8095,3.8095,3.8095]},"gui":{"translation":[0.0,0.0,0.0],"rotation":[35.0,225.0,0.0],"scale":[0.625,0.625,0.625]}}}