{"file_name":"left_leg","texture_size":[64,64],"textures":{"62f04d29-a502-869c-decb-ba66bcda65bf":"modelengine:entity/d7ac4b7192d122c40a22aaea46120c1b472b15c855921b38b6ddb2116e733aa7"},"elements":[{"name":"cube","from":[6.8,1.3999997,6.8],"to":[9.2,8.6,9.2],"rotation":{"angle":0.0,"axis":"x","origin":[9.2,1.3999997,8.0]},"faces":{"down":{"uv":[6.0,12.0,7.0,13.0],"rotation":0,"texture":"#62f04d29-a502-869c-decb-ba66bcda65bf","tintindex":0},"east":{"uv":[4.0,13.0,5.0,16.0],"rotation":0,"texture":"#62f04d29-a502-869c-decb-ba66bcda65bf","tintindex":0},"north":{"uv":[5.0,13.0,6.0,16.0],"rotation":0,"texture":"#62f04d29-a502-869c-decb-ba66bcda65bf","tintindex":0},"south":{"uv":[7.0,13.0,8.0,16.0],"rotation":0,"texture":"#62f04d29-a502-869c-decb-ba66bcda65bf","tintindex":0},"up":{"uv":[5.0,12.0,6.0,13.0],"rotation":0,"texture":"#62f04d29-a502-869c-decb-ba66bcda65bf","tintindex":0},"west":{"uv":[6.0,13.0,7.0,16.0],"rotation":0,"texture":"#62f04d29-a502-869c-decb-ba66bcda65bf","tintindex":0}}},{"name":"cube","from":[6.6499996,1.2499998,6.6499996],"to":[9.35,8.75,9.35],"rotation":{"angle":0.0,"axis":"x","origin":[9.2,1.3999997,8.0]},"faces":{"down":{"uv":[2.0,12.0,3.0,13.0],"rotation":0,"texture":"#62f04d29-a502-869c-decb-ba66bcda65bf","tintindex":0},"east":{"uv":[0.0,13.0,1.0,16.0],"rotation":0,"texture":"#62f04d29-a502-869c-decb-ba66bcda65bf","tintindex":0},"north":{"uv":[1.0,13.0,2.0,16.0],"rotation":0,"texture":"#62f04d29-a502-869c-decb-ba66bcda65bf","tintindex":0},"south":{"uv":[3.0,13.0,4.0,16.0],"rotation":0,"texture":"#62f04d29-a502-869c-decb-ba66bcda65bf","tintindex":0},"up":{"uv":[1.0,12.0,2.0,13.0],"rotation":0,"texture":"#62f04d29-a502-869c-decb-ba66bcda65bf","tintindex":0},"west":{"uv":[2.0,13.0,3.0,16.0],"rotation":0,"texture":"#62f04d29-a502-869c-decb-ba66bcda65bf","tintindex":0}}}],"display":{"head":{"translation":[0.0,-6.4,0.0],"rotation":[0.0,0.0,0.0],"scale":[3.8095,3.8095,3.8095]},"gui":{"translation":[0.0,0.0,0.0],"rotation":[35.0,225.0,0.0],"scale":[0.625,0.625,0.625]}}}