{"file_name":"knob_rotation","texture_size":[64,64],"textures":{"8bf08e37-b478-e7b3-bb1e-b19c979a8700":"modelengine:entity/chest"},"elements":[{"name":"knob_rotation","from":[7.4,5.6,12.2],"to":[8.6,8.0,12.8],"rotation":{"angle":0.0,"axis":"x","origin":[8.0,3.7999997,8.0]},"faces":{"down":{"uv":[1.25,0.0,0.75,0.25],"rotation":0,"texture":"#8bf08e37-b478-e7b3-bb1e-b19c979a8700","tintindex":0},"east":{"uv":[0.0,0.25,0.25,1.25],"rotation":0,"texture":"#8bf08e37-b478-e7b3-bb1e-b19c979a8700","tintindex":0},"north":{"uv":[0.25,0.25,0.75,1.25],"rotation":0,"texture":"#8bf08e37-b478-e7b3-bb1e-b19c979a8700","tintindex":0},"south":{"uv":[1.0,0.25,1.5,1.25],"rotation":0,"texture":"#8bf08e37-b478-e7b3-bb1e-b19c979a8700","tintindex":0},"up":{"uv":[0.75,0.25,0.25,0.0],"rotation":0,"texture":"#8bf08e37-b478-e7b3-bb1e-b19c979a8700","tintindex":0},"west":{"uv":[0.75,0.25,1.0,1.25],"rotation":0,"texture":"#8bf08e37-b478-e7b3-bb1e-b19c979a8700","tintindex":0}}}],"display":{"head":{"translation":[0.0,-6.4,0.0],"rotation":[0.0,0.0,0.0],"scale":[3.8095,3.8095,3.8095]},"gui":{"translation":[0.0,0.0,0.0],"rotation":[35.0,225.0,0.0],"scale":[0.625,0.625,0.625]}}}