{"file_name":"lid_rotation","texture_size":[64,64],"textures":{"8bf08e37-b478-e7b3-bb1e-b19c979a8700":"modelengine:entity/chest"},"elements":[{"name":"lid_rotation","from":[3.7999997,-0.6625004,3.3874998],"to":[12.2,2.3374999,11.7875],"rotation":{"angle":45.0,"axis":"x","origin":[8.0,3.7999997,8.0]},"faces":{"down":{"uv":[10.5,0.0,7.0,3.5],"rotation":0,"texture":"#8bf08e37-b478-e7b3-bb1e-b19c979a8700","tintindex":0},"east":{"uv":[0.0,3.5,3.5,4.75],"rotation":0,"texture":"#8bf08e37-b478-e7b3-bb1e-b19c979a8700","tintindex":0},"north":{"uv":[3.5,3.5,7.0,4.75],"rotation":0,"texture":"#8bf08e37-b478-e7b3-bb1e-b19c979a8700","tintindex":0},"south":{"uv":[10.5,3.5,14.0,4.75],"rotation":0,"texture":"#8bf08e37-b478-e7b3-bb1e-b19c979a8700","tintindex":0},"up":{"uv":[7.0,3.5,3.5,0.0],"rotation":0,"texture":"#8bf08e37-b478-e7b3-bb1e-b19c979a8700","tintindex":0},"west":{"uv":[7.0,3.5,10.5,4.75],"rotation":0,"texture":"#8bf08e37-b478-e7b3-bb1e-b19c979a8700","tintindex":0}}},{"name":"lid_rotation","from":[5.0,2.3374999,10.5875],"to":[11.0,3.5375,10.5875],"rotation":{"angle":45.0,"axis":"x","origin":[8.0,3.7999997,8.0]},"faces":{"down":{"uv":[0.0,14.75,3.5,16.0],"rotation":0,"texture":"#8bf08e37-b478-e7b3-bb1e-b19c979a8700","tintindex":0},"east":{"uv":[0.0,14.75,3.5,16.0],"rotation":0,"texture":"#8bf08e37-b478-e7b3-bb1e-b19c979a8700","tintindex":0},"north":{"uv":[0.0,14.75,3.5,16.0],"rotation":0,"texture":"#8bf08e37-b478-e7b3-bb1e-b19c979a8700","tintindex":0},"south":{"uv":[4.25,14.25,7.75,15.0],"rotation":180,"texture":"#8bf08e37-b478-e7b3-bb1e-b19c979a8700","tintindex":0},"up":{"uv":[0.0,14.75,3.5,16.0],"rotation":0,"texture":"#8bf08e37-b478-e7b3-bb1e-b19c979a8700","tintindex":0},"west":{"uv":[0.0,14.75,3.5,16.0],"rotation":0,"texture":"#8bf08e37-b478-e7b3-bb1e-b19c979a8700","tintindex":0}}},{"name":"lid_rotation","from":[4.9994,6.5801406,6.344859],"to":[4.9994,7.780141,12.344859],"rotation":{"angle":45.0,"axis":"x","origin":[7.9994,8.042641,3.757359]},"faces":{"down":{"uv":[0.0,14.75,3.5,16.0],"rotation":0,"texture":"#8bf08e37-b478-e7b3-bb1e-b19c979a8700","tintindex":0},"east":{"uv":[0.0,14.75,3.5,16.0],"rotation":0,"texture":"#8bf08e37-b478-e7b3-bb1e-b19c979a8700","tintindex":0},"north":{"uv":[0.0,14.75,3.5,16.0],"rotation":0,"texture":"#8bf08e37-b478-e7b3-bb1e-b19c979a8700","tintindex":0},"south":{"uv":[0.0,14.75,3.5,16.0],"rotation":0,"texture":"#8bf08e37-b478-e7b3-bb1e-b19c979a8700","tintindex":0},"up":{"uv":[0.0,14.75,3.5,16.0],"rotation":0,"texture":"#8bf08e37-b478-e7b3-bb1e-b19c979a8700","tintindex":0},"west":{"uv":[4.25,14.25,7.75,15.0],"rotation":180,"texture":"#8bf08e37-b478-e7b3-bb1e-b19c979a8700","tintindex":0}}},{"name":"lid_rotation","from":[10.999401,6.5797167,6.3452835],"to":[10.999401,7.7797165,12.345284],"rotation":{"angle":45.0,"axis":"x","origin":[13.9994,8.042216,3.7577834]},"faces":{"down":{"uv":[0.0,14.75,3.5,16.0],"rotation":0,"texture":"#8bf08e37-b478-e7b3-bb1e-b19c979a8700","tintindex":0},"east":{"uv":[0.0,14.75,3.5,16.0],"rotation":0,"texture":"#8bf08e37-b478-e7b3-bb1e-b19c979a8700","tintindex":0},"north":{"uv":[0.0,14.75,3.5,16.0],"rotation":0,"texture":"#8bf08e37-b478-e7b3-bb1e-b19c979a8700","tintindex":0},"south":{"uv":[0.0,14.75,3.5,16.0],"rotation":0,"texture":"#8bf08e37-b478-e7b3-bb1e-b19c979a8700","tintindex":0},"up":{"uv":[0.0,14.75,3.5,16.0],"rotation":0,"texture":"#8bf08e37-b478-e7b3-bb1e-b19c979a8700","tintindex":0},"west":{"uv":[4.25,14.25,7.75,15.0],"rotation":180,"texture":"#8bf08e37-b478-e7b3-bb1e-b19c979a8700","tintindex":0}}}],"display":{"head":{"translation":[0.0,-6.4,0.0],"rotation":[0.0,0.0,0.0],"scale":[3.8095,3.8095,3.8095]},"gui":{"translation":[0.0,0.0,0.0],"rotation":[35.0,225.0,0.0],"scale":[0.625,0.625,0.625]}}}