{"file_name":"bamboo","texture_size":[64,64],"textures":{"33723e9a-1e51-bbaa-8327-8a17ae3627c9":"modelengine:entity/32teemo"},"elements":[{"name":"cube","from":[7.82,7.8199997,5.57],"to":[8.18,8.18,10.43],"rotation":{"angle":0.0,"axis":"x","origin":[7.55,8.0,8.0]},"faces":{"down":{"uv":[6.0,8.5,5.75,10.625],"rotation":0,"texture":"#33723e9a-1e51-bbaa-8327-8a17ae3627c9","tintindex":0},"east":{"uv":[8.75,1.0,10.875,1.25],"rotation":0,"texture":"#33723e9a-1e51-bbaa-8327-8a17ae3627c9","tintindex":0},"north":{"uv":[2.75,6.75,3.0,7.0],"rotation":0,"texture":"#33723e9a-1e51-bbaa-8327-8a17ae3627c9","tintindex":0},"south":{"uv":[6.75,5.75,7.0,6.0],"rotation":0,"texture":"#33723e9a-1e51-bbaa-8327-8a17ae3627c9","tintindex":0},"up":{"uv":[5.75,10.625,5.5,8.5],"rotation":0,"texture":"#33723e9a-1e51-bbaa-8327-8a17ae3627c9","tintindex":0},"west":{"uv":[8.75,1.25,10.875,1.5],"rotation":0,"texture":"#33723e9a-1e51-bbaa-8327-8a17ae3627c9","tintindex":0}}}],"display":{"head":{"translation":[0.0,-6.4,0.0],"rotation":[0.0,0.0,0.0],"scale":[3.8095,3.8095,3.8095]},"gui":{"translation":[0.0,0.0,0.0],"rotation":[35.0,225.0,0.0],"scale":[0.625,0.625,0.625]}}}