{"file_name":"group","texture_size":[16,16],"textures":{"c0e22c4b-b51e-0a33-a24a-b8a8f481f8a6":"modelengine:entity/oak_log","b5b57cf1-63b9-e4d0-bb7c-9f473e912ace":"modelengine:entity/observer_front","c4d19ec1-1ad4-ba59-5043-79b99d9b894f":"modelengine:entity/chain","dd790dc1-a303-7bcb-3dc0-70bd45580f53":"modelengine:entity/yellow_shulker_box","7d2b2cd9-dc61-d10c-40ed-b9a681147e8f":"modelengine:entity/weathered_cut_copper","233869d8-8e2d-b4d7-444f-3506dad3773a":"modelengine:entity/iron_block","7406d101-71a1-f77e-0e3f-97c93d1b5522":"modelengine:entity/lodestone_side","f48241fe-75e5-3e06-7858-4b9638409292":"modelengine:entity/melon_side","98f8d867-a6f6-6c95-3d19-f7158c5185d9":"modelengine:entity/redstone_block","f2565fa9-d9c9-a22e-4ba4-b1ec395e51e9":"modelengine:entity/obsidian","eeab2ae6-c91f-2c47-d0d2-37375c7d8125":"modelengine:entity/purpur_pillar"},"elements":[{"name":"cube","from":[6.2,3.7999997,5.0],"to":[7.1,5.0,5.8999996],"rotation":{"angle":0.0,"axis":"x","origin":[3.1999998,3.1999998,3.1999998]},"faces":{"down":{"uv":[0.0,0.0,4.0,8.0],"rotation":0,"texture":"#c0e22c4b-b51e-0a33-a24a-b8a8f481f8a6","tintindex":0},"east":{"uv":[0.0,0.0,8.0,8.0],"rotation":0,"texture":"#c0e22c4b-b51e-0a33-a24a-b8a8f481f8a6","tintindex":0},"north":{"uv":[0.0,0.0,8.0,8.0],"rotation":0,"texture":"#c0e22c4b-b51e-0a33-a24a-b8a8f481f8a6","tintindex":0},"south":{"uv":[0.0,0.0,8.0,8.0],"rotation":0,"texture":"#c0e22c4b-b51e-0a33-a24a-b8a8f481f8a6","tintindex":0},"up":{"uv":[0.0,0.0,4.0,8.0],"rotation":0,"texture":"#c0e22c4b-b51e-0a33-a24a-b8a8f481f8a6","tintindex":0},"west":{"uv":[0.0,0.0,8.0,8.0],"rotation":0,"texture":"#c0e22c4b-b51e-0a33-a24a-b8a8f481f8a6","tintindex":0}}},{"name":"cube","from":[10.4,3.1399996,4.0699997],"to":[10.700001,3.4399998,5.2699995],"rotation":{"angle":-22.5,"axis":"x","origin":[3.1999998,3.1999998,3.1999998]},"faces":{"down":{"uv":[0.0,0.0,4.0,8.0],"rotation":90,"texture":"#c0e22c4b-b51e-0a33-a24a-b8a8f481f8a6","tintindex":0},"east":{"uv":[12.0,0.0,16.0,8.0],"rotation":270,"texture":"#c0e22c4b-b51e-0a33-a24a-b8a8f481f8a6","tintindex":0},"north":{"uv":[0.0,0.0,4.0,8.0],"rotation":270,"texture":"#c0e22c4b-b51e-0a33-a24a-b8a8f481f8a6","tintindex":0},"south":{"uv":[0.0,0.0,4.0,8.0],"rotation":270,"texture":"#c0e22c4b-b51e-0a33-a24a-b8a8f481f8a6","tintindex":0},"up":{"uv":[8.0,0.0,12.0,8.0],"rotation":90,"texture":"#c0e22c4b-b51e-0a33-a24a-b8a8f481f8a6","tintindex":0},"west":{"uv":[4.0,0.0,8.0,8.0],"rotation":270,"texture":"#c0e22c4b-b51e-0a33-a24a-b8a8f481f8a6","tintindex":0}}}],"display":{"head":{"translation":[0.0,-6.4,0.0],"rotation":[0.0,0.0,0.0],"scale":[3.8095,3.8095,3.8095]},"gui":{"translation":[0.0,0.0,0.0],"rotation":[35.0,225.0,0.0],"scale":[0.625,0.625,0.625]}}}