{"file_name":"robot","texture_size":[16,16],"textures":{"c0e22c4b-b51e-0a33-a24a-b8a8f481f8a6":"modelengine:entity/oak_log","b5b57cf1-63b9-e4d0-bb7c-9f473e912ace":"modelengine:entity/observer_front","c4d19ec1-1ad4-ba59-5043-79b99d9b894f":"modelengine:entity/chain","dd790dc1-a303-7bcb-3dc0-70bd45580f53":"modelengine:entity/yellow_shulker_box","7d2b2cd9-dc61-d10c-40ed-b9a681147e8f":"modelengine:entity/weathered_cut_copper","3842a6f3-b72a-f049-f8fb-e00d2bf157c1":"modelengine:entity/white_concrete_powder","98f8d867-a6f6-6c95-3d19-f7158c5185d9":"modelengine:entity/redstone_block","f2565fa9-d9c9-a22e-4ba4-b1ec395e51e9":"modelengine:entity/obsidian","eeab2ae6-c91f-2c47-d0d2-37375c7d8125":"modelengine:entity/purpur_pillar"},"elements":[{"name":"cube","from":[7.1,3.4999998,7.4],"to":[8.9,4.3999996,8.9],"rotation":{"angle":0.0,"axis":"x","origin":[3.1999998,3.1999998,3.1999998]},"faces":{"down":{"uv":[0.0,0.0,15.0,16.0],"rotation":0,"texture":"#7d2b2cd9-dc61-d10c-40ed-b9a681147e8f","tintindex":0},"east":{"uv":[0.0,0.0,15.0,7.0],"rotation":0,"texture":"#7d2b2cd9-dc61-d10c-40ed-b9a681147e8f","tintindex":0},"north":{"uv":[0.0,0.0,15.0,7.0],"rotation":0,"texture":"#7d2b2cd9-dc61-d10c-40ed-b9a681147e8f","tintindex":0},"south":{"uv":[0.0,0.0,15.0,7.0],"rotation":0,"texture":"#7d2b2cd9-dc61-d10c-40ed-b9a681147e8f","tintindex":0},"up":{"uv":[0.0,0.0,15.0,16.0],"rotation":0,"texture":"#7d2b2cd9-dc61-d10c-40ed-b9a681147e8f","tintindex":0},"west":{"uv":[0.0,0.0,15.0,7.0],"rotation":0,"texture":"#7d2b2cd9-dc61-d10c-40ed-b9a681147e8f","tintindex":0}}}],"display":{"head":{"translation":[0.0,-6.4,0.0],"rotation":[0.0,0.0,0.0],"scale":[3.8095,3.8095,3.8095]},"gui":{"translation":[0.0,0.0,0.0],"rotation":[35.0,225.0,0.0],"scale":[0.625,0.625,0.625]}}}