{"file_name":"index_finger_second_joint","texture_size":[16,16],"textures":{"ca272633-96b8-42c3-3c9e-2bca132177b5":"minecraft:block/stone_bricks","18949a78-25a6-bc3e-cf46-49c054bfb1ee":"minecraft:block/blackstone","69af02fb-aea6-49f3-04e1-16069eb24a75":"minecraft:block/furnace_side","a11a9269-26ef-ec5c-9af5-da3559b493a4":"minecraft:block/beacon","45557528-5262-4b73-8d47-bb1fc2c669f6":"minecraft:block/bone_block_side","18890c4e-ec0c-dd21-8582-a17a8e01cf38":"minecraft:block/chiseled_nether_bricks","225804fa-e5ae-e713-7ebb-a2abfd92bf3f":"minecraft:block/black_concrete","42c982e7-0c1a-2e0a-a038-3b0df28c39a6":"minecraft:block/lodestone_side"},"elements":[{"name":"cube","from":[2.104395,-9.434864,-7.0626755],"to":[11.223868,0.4445634,0.75401497],"rotation":{"angle":-22.5,"axis":"x","origin":[-14.844731,-1.8084784,-5.5792227]},"faces":{"down":{"uv":[1.0,4.0,15.0,12.0],"rotation":180,"texture":"#ca272633-96b8-42c3-3c9e-2bca132177b5","tintindex":0},"east":{"uv":[1.0,4.0,15.0,12.0],"rotation":90,"texture":"#ca272633-96b8-42c3-3c9e-2bca132177b5","tintindex":0},"north":{"uv":[1.0,4.0,15.0,12.0],"rotation":90,"texture":"#ca272633-96b8-42c3-3c9e-2bca132177b5","tintindex":0},"south":{"uv":[1.0,4.0,15.0,12.0],"rotation":90,"texture":"#ca272633-96b8-42c3-3c9e-2bca132177b5","tintindex":0},"up":{"uv":[1.0,4.0,15.0,12.0],"rotation":0,"texture":"#ca272633-96b8-42c3-3c9e-2bca132177b5","tintindex":0},"west":{"uv":[1.0,4.0,15.0,12.0],"rotation":90,"texture":"#ca272633-96b8-42c3-3c9e-2bca132177b5","tintindex":0}}},{"name":"cube","from":[2.8643515,0.4445634,-7.0626755],"to":[10.463912,2.0730405,0.75401497],"rotation":{"angle":-22.5,"axis":"x","origin":[-14.844731,-1.8084784,-5.5792227]},"faces":{"down":{"uv":[2.0,1.0,10.0,6.0],"rotation":90,"texture":"#ca272633-96b8-42c3-3c9e-2bca132177b5","tintindex":0},"east":{"uv":[2.0,1.0,10.0,6.0],"rotation":0,"texture":"#ca272633-96b8-42c3-3c9e-2bca132177b5","tintindex":0},"north":{"uv":[2.0,1.0,10.0,6.0],"rotation":0,"texture":"#ca272633-96b8-42c3-3c9e-2bca132177b5","tintindex":0},"south":{"uv":[2.0,1.0,10.0,6.0],"rotation":0,"texture":"#ca272633-96b8-42c3-3c9e-2bca132177b5","tintindex":0},"up":{"uv":[2.0,1.0,10.0,6.0],"rotation":270,"texture":"#ca272633-96b8-42c3-3c9e-2bca132177b5","tintindex":0},"west":{"uv":[2.0,1.0,10.0,6.0],"rotation":0,"texture":"#ca272633-96b8-42c3-3c9e-2bca132177b5","tintindex":0}}}],"display":{"head":{"translation":[0.0,-6.4,0.0],"rotation":[0.0,0.0,0.0],"scale":[3.8095,3.8095,3.8095]},"gui":{"translation":[0.0,0.0,0.0],"rotation":[35.0,225.0,0.0],"scale":[0.625,0.625,0.625]}}}