{"file_name":"middle_finger","texture_size":[16,16],"textures":{"ca272633-96b8-42c3-3c9e-2bca132177b5":"minecraft:block/stone_bricks","18949a78-25a6-bc3e-cf46-49c054bfb1ee":"minecraft:block/blackstone","69af02fb-aea6-49f3-04e1-16069eb24a75":"minecraft:block/furnace_side","a11a9269-26ef-ec5c-9af5-da3559b493a4":"minecraft:block/beacon","45557528-5262-4b73-8d47-bb1fc2c669f6":"minecraft:block/bone_block_side","18890c4e-ec0c-dd21-8582-a17a8e01cf38":"minecraft:block/chiseled_nether_bricks","225804fa-e5ae-e713-7ebb-a2abfd92bf3f":"minecraft:block/black_concrete","42c982e7-0c1a-2e0a-a038-3b0df28c39a6":"minecraft:block/lodestone_side"},"elements":[{"name":"cube","from":[-9.512075,-6.446269,-15.5657425],"to":[-0.39260292,6.690114,-6.446266],"rotation":{"angle":0.0,"axis":"x","origin":[-14.844731,1.8071072,2.749957]},"faces":{"down":{"uv":[0.0,3.0,16.0,16.0],"rotation":90,"texture":"#ca272633-96b8-42c3-3c9e-2bca132177b5","tintindex":0},"east":{"uv":[0.0,3.0,16.0,16.0],"rotation":0,"texture":"#ca272633-96b8-42c3-3c9e-2bca132177b5","tintindex":0},"north":{"uv":[0.0,3.0,16.0,16.0],"rotation":90,"texture":"#ca272633-96b8-42c3-3c9e-2bca132177b5","tintindex":0},"south":{"uv":[0.0,3.0,16.0,16.0],"rotation":0,"texture":"#ca272633-96b8-42c3-3c9e-2bca132177b5","tintindex":0},"up":{"uv":[0.0,3.0,16.0,16.0],"rotation":270,"texture":"#ca272633-96b8-42c3-3c9e-2bca132177b5","tintindex":0},"west":{"uv":[0.0,3.0,16.0,16.0],"rotation":90,"texture":"#ca272633-96b8-42c3-3c9e-2bca132177b5","tintindex":0}}},{"name":"cube","from":[-3.2206717,-5.8179884,-15.9521675],"to":[-1.6943102,6.841138,-14.5332985],"rotation":{"angle":0.0,"axis":"x","origin":[-4.8459234,0.8340447,-15.61895]},"faces":{"down":{"uv":[7.0,7.0,9.0,9.0],"rotation":0,"texture":"#42c982e7-0c1a-2e0a-a038-3b0df28c39a6","tintindex":0},"east":{"uv":[7.0,7.0,9.0,9.0],"rotation":270,"texture":"#42c982e7-0c1a-2e0a-a038-3b0df28c39a6","tintindex":0},"north":{"uv":[7.0,7.0,9.0,9.0],"rotation":270,"texture":"#42c982e7-0c1a-2e0a-a038-3b0df28c39a6","tintindex":0},"south":{"uv":[7.0,7.0,9.0,9.0],"rotation":270,"texture":"#42c982e7-0c1a-2e0a-a038-3b0df28c39a6","tintindex":0},"up":{"uv":[7.0,7.0,9.0,9.0],"rotation":180,"texture":"#42c982e7-0c1a-2e0a-a038-3b0df28c39a6","tintindex":0},"west":{"uv":[7.0,7.0,9.0,9.0],"rotation":90,"texture":"#42c982e7-0c1a-2e0a-a038-3b0df28c39a6","tintindex":0}}},{"name":"cube","from":[-7.9975376,-5.8179884,-15.9521675],"to":[-6.471176,6.841138,-14.5332985],"rotation":{"angle":0.0,"axis":"x","origin":[-4.8459234,0.8340447,-15.61895]},"faces":{"down":{"uv":[7.0,7.0,9.0,9.0],"rotation":0,"texture":"#42c982e7-0c1a-2e0a-a038-3b0df28c39a6","tintindex":0},"east":{"uv":[7.0,7.0,9.0,9.0],"rotation":270,"texture":"#42c982e7-0c1a-2e0a-a038-3b0df28c39a6","tintindex":0},"north":{"uv":[7.0,7.0,9.0,9.0],"rotation":270,"texture":"#42c982e7-0c1a-2e0a-a038-3b0df28c39a6","tintindex":0},"south":{"uv":[7.0,7.0,9.0,9.0],"rotation":270,"texture":"#42c982e7-0c1a-2e0a-a038-3b0df28c39a6","tintindex":0},"up":{"uv":[7.0,7.0,9.0,9.0],"rotation":180,"texture":"#42c982e7-0c1a-2e0a-a038-3b0df28c39a6","tintindex":0},"west":{"uv":[7.0,7.0,9.0,9.0],"rotation":90,"texture":"#42c982e7-0c1a-2e0a-a038-3b0df28c39a6","tintindex":0}}},{"name":"cube","from":[-10.272032,-16.0,-16.0],"to":[0.36735296,-5.6863127,-6.0120087],"rotation":{"angle":0.0,"axis":"x","origin":[-14.844731,1.8071072,2.749957]},"faces":{"down":{"uv":[1.0,1.0,15.0,15.0],"rotation":90,"texture":"#42c982e7-0c1a-2e0a-a038-3b0df28c39a6","tintindex":0},"east":{"uv":[1.0,1.0,15.0,15.0],"rotation":0,"texture":"#42c982e7-0c1a-2e0a-a038-3b0df28c39a6","tintindex":0},"north":{"uv":[1.0,1.0,15.0,15.0],"rotation":0,"texture":"#42c982e7-0c1a-2e0a-a038-3b0df28c39a6","tintindex":0},"south":{"uv":[1.0,1.0,15.0,15.0],"rotation":0,"texture":"#42c982e7-0c1a-2e0a-a038-3b0df28c39a6","tintindex":0},"up":{"uv":[1.0,1.0,15.0,15.0],"rotation":270,"texture":"#42c982e7-0c1a-2e0a-a038-3b0df28c39a6","tintindex":0},"west":{"uv":[1.0,1.0,15.0,15.0],"rotation":0,"texture":"#42c982e7-0c1a-2e0a-a038-3b0df28c39a6","tintindex":0}}},{"name":"cube","from":[-9.512075,0.9361615,-5.5777473],"to":[-0.39260292,6.690114,-4.7092247],"rotation":{"angle":0.0,"axis":"x","origin":[-14.844731,1.8071072,2.749957]},"faces":{"down":{"uv":[5.0,3.0,9.0,5.0],"rotation":0,"texture":"#ca272633-96b8-42c3-3c9e-2bca132177b5","tintindex":0},"east":{"uv":[5.0,3.0,9.0,5.0],"rotation":270,"texture":"#ca272633-96b8-42c3-3c9e-2bca132177b5","tintindex":0},"north":{"uv":[5.0,3.0,9.0,5.0],"rotation":270,"texture":"#ca272633-96b8-42c3-3c9e-2bca132177b5","tintindex":0},"south":{"uv":[5.0,3.0,9.0,5.0],"rotation":270,"texture":"#ca272633-96b8-42c3-3c9e-2bca132177b5","tintindex":0},"up":{"uv":[5.0,3.0,9.0,5.0],"rotation":180,"texture":"#ca272633-96b8-42c3-3c9e-2bca132177b5","tintindex":0},"west":{"uv":[5.0,3.0,9.0,5.0],"rotation":270,"texture":"#ca272633-96b8-42c3-3c9e-2bca132177b5","tintindex":0}}},{"name":"cube","from":[-9.512075,-3.080749,-6.446266],"to":[-0.39260292,6.690114,-5.5777473],"rotation":{"angle":0.0,"axis":"x","origin":[-14.844731,1.8071072,2.749957]},"faces":{"down":{"uv":[5.0,3.0,9.0,5.0],"rotation":0,"texture":"#ca272633-96b8-42c3-3c9e-2bca132177b5","tintindex":0},"east":{"uv":[5.0,3.0,9.0,5.0],"rotation":270,"texture":"#ca272633-96b8-42c3-3c9e-2bca132177b5","tintindex":0},"north":{"uv":[5.0,3.0,9.0,5.0],"rotation":270,"texture":"#ca272633-96b8-42c3-3c9e-2bca132177b5","tintindex":0},"south":{"uv":[5.0,3.0,9.0,5.0],"rotation":270,"texture":"#ca272633-96b8-42c3-3c9e-2bca132177b5","tintindex":0},"up":{"uv":[5.0,3.0,9.0,5.0],"rotation":180,"texture":"#ca272633-96b8-42c3-3c9e-2bca132177b5","tintindex":0},"west":{"uv":[5.0,3.0,9.0,5.0],"rotation":270,"texture":"#ca272633-96b8-42c3-3c9e-2bca132177b5","tintindex":0}}}],"display":{"head":{"translation":[0.0,-9.464465,-43.937107],"rotation":[0.0,0.0,0.0],"scale":[3.8095,3.8095,3.8095]},"gui":{"translation":[0.0,0.0,0.0],"rotation":[35.0,225.0,0.0],"scale":[0.625,0.625,0.625]}}}