{"file_name":"thumb","texture_size":[16,16],"textures":{"ca272633-96b8-42c3-3c9e-2bca132177b5":"minecraft:block/stone_bricks","18949a78-25a6-bc3e-cf46-49c054bfb1ee":"minecraft:block/blackstone","69af02fb-aea6-49f3-04e1-16069eb24a75":"minecraft:block/furnace_side","a11a9269-26ef-ec5c-9af5-da3559b493a4":"minecraft:block/beacon","45557528-5262-4b73-8d47-bb1fc2c669f6":"minecraft:block/bone_block_side","18890c4e-ec0c-dd21-8582-a17a8e01cf38":"minecraft:block/chiseled_nether_bricks","225804fa-e5ae-e713-7ebb-a2abfd92bf3f":"minecraft:block/black_concrete","42c982e7-0c1a-2e0a-a038-3b0df28c39a6":"minecraft:block/lodestone_side"},"elements":[{"name":"cube","from":[11.0249405,-3.515009,-5.2234726],"to":[11.893461,6.255855,3.8959994],"rotation":{"angle":0.0,"axis":"x","origin":[10.33498,-1.1726618,-0.906981]},"faces":{"down":{"uv":[3.0,0.0,6.0,3.0],"rotation":270,"texture":"#ca272633-96b8-42c3-3c9e-2bca132177b5","tintindex":0},"east":{"uv":[3.0,0.0,6.0,3.0],"rotation":0,"texture":"#ca272633-96b8-42c3-3c9e-2bca132177b5","tintindex":0},"north":{"uv":[3.0,0.0,6.0,3.0],"rotation":0,"texture":"#ca272633-96b8-42c3-3c9e-2bca132177b5","tintindex":0},"south":{"uv":[3.0,0.0,6.0,3.0],"rotation":0,"texture":"#ca272633-96b8-42c3-3c9e-2bca132177b5","tintindex":0},"up":{"uv":[3.0,0.0,6.0,3.0],"rotation":90,"texture":"#ca272633-96b8-42c3-3c9e-2bca132177b5","tintindex":0},"west":{"uv":[3.0,0.0,6.0,3.0],"rotation":0,"texture":"#ca272633-96b8-42c3-3c9e-2bca132177b5","tintindex":0}}},{"name":"cube","from":[11.133506,-16.0,-5.657733],"to":[21.55576,-5.2520504,4.438825],"rotation":{"angle":0.0,"axis":"x","origin":[10.33498,-1.1726618,-0.906981]},"faces":{"down":{"uv":[1.0,1.0,15.0,15.0],"rotation":90,"texture":"#42c982e7-0c1a-2e0a-a038-3b0df28c39a6","tintindex":0},"east":{"uv":[1.0,1.0,15.0,15.0],"rotation":180,"texture":"#42c982e7-0c1a-2e0a-a038-3b0df28c39a6","tintindex":0},"north":{"uv":[1.0,1.0,15.0,15.0],"rotation":180,"texture":"#42c982e7-0c1a-2e0a-a038-3b0df28c39a6","tintindex":0},"south":{"uv":[1.0,1.0,15.0,15.0],"rotation":180,"texture":"#42c982e7-0c1a-2e0a-a038-3b0df28c39a6","tintindex":0},"up":{"uv":[1.0,1.0,15.0,15.0],"rotation":270,"texture":"#42c982e7-0c1a-2e0a-a038-3b0df28c39a6","tintindex":0},"west":{"uv":[1.0,1.0,15.0,15.0],"rotation":180,"texture":"#42c982e7-0c1a-2e0a-a038-3b0df28c39a6","tintindex":0}}},{"name":"cube","from":[10.15642,0.5019016,-5.2234726],"to":[11.0249405,6.255855,3.8959994],"rotation":{"angle":0.0,"axis":"x","origin":[10.33498,-1.1726618,-0.906981]},"faces":{"down":{"uv":[3.0,0.0,6.0,3.0],"rotation":270,"texture":"#ca272633-96b8-42c3-3c9e-2bca132177b5","tintindex":0},"east":{"uv":[3.0,0.0,6.0,3.0],"rotation":0,"texture":"#ca272633-96b8-42c3-3c9e-2bca132177b5","tintindex":0},"north":{"uv":[3.0,0.0,6.0,3.0],"rotation":0,"texture":"#ca272633-96b8-42c3-3c9e-2bca132177b5","tintindex":0},"south":{"uv":[3.0,0.0,6.0,3.0],"rotation":0,"texture":"#ca272633-96b8-42c3-3c9e-2bca132177b5","tintindex":0},"up":{"uv":[3.0,0.0,6.0,3.0],"rotation":90,"texture":"#ca272633-96b8-42c3-3c9e-2bca132177b5","tintindex":0},"west":{"uv":[3.0,0.0,6.0,3.0],"rotation":0,"texture":"#ca272633-96b8-42c3-3c9e-2bca132177b5","tintindex":0}}},{"name":"cube","from":[11.893461,-6.8805275,-5.2234726],"to":[21.012932,6.255855,3.8959994],"rotation":{"angle":0.0,"axis":"x","origin":[10.33498,-1.1726618,-0.906981]},"faces":{"down":{"uv":[0.0,4.0,16.0,16.0],"rotation":0,"texture":"#ca272633-96b8-42c3-3c9e-2bca132177b5","tintindex":0},"east":{"uv":[0.0,4.0,16.0,16.0],"rotation":90,"texture":"#ca272633-96b8-42c3-3c9e-2bca132177b5","tintindex":0},"north":{"uv":[0.0,4.0,16.0,16.0],"rotation":90,"texture":"#ca272633-96b8-42c3-3c9e-2bca132177b5","tintindex":0},"south":{"uv":[0.0,4.0,16.0,16.0],"rotation":90,"texture":"#ca272633-96b8-42c3-3c9e-2bca132177b5","tintindex":0},"up":{"uv":[0.0,4.0,16.0,16.0],"rotation":180,"texture":"#ca272633-96b8-42c3-3c9e-2bca132177b5","tintindex":0},"west":{"uv":[0.0,4.0,16.0,16.0],"rotation":90,"texture":"#ca272633-96b8-42c3-3c9e-2bca132177b5","tintindex":0}}},{"name":"cube","from":[20.076881,-6.035117,-3.91287],"to":[21.49575,6.624009,-2.3865094],"rotation":{"angle":0.0,"axis":"x","origin":[10.33498,-1.1726618,-0.906981]},"faces":{"down":{"uv":[7.0,7.0,9.0,9.0],"rotation":90,"texture":"#42c982e7-0c1a-2e0a-a038-3b0df28c39a6","tintindex":0},"east":{"uv":[7.0,7.0,9.0,9.0],"rotation":270,"texture":"#42c982e7-0c1a-2e0a-a038-3b0df28c39a6","tintindex":0},"north":{"uv":[7.0,7.0,9.0,9.0],"rotation":270,"texture":"#42c982e7-0c1a-2e0a-a038-3b0df28c39a6","tintindex":0},"south":{"uv":[7.0,7.0,9.0,9.0],"rotation":90,"texture":"#42c982e7-0c1a-2e0a-a038-3b0df28c39a6","tintindex":0},"up":{"uv":[7.0,7.0,9.0,9.0],"rotation":90,"texture":"#42c982e7-0c1a-2e0a-a038-3b0df28c39a6","tintindex":0},"west":{"uv":[7.0,7.0,9.0,9.0],"rotation":270,"texture":"#42c982e7-0c1a-2e0a-a038-3b0df28c39a6","tintindex":0}}},{"name":"cube","from":[20.076881,-6.035117,0.86399627],"to":[21.49575,6.624009,2.3903577],"rotation":{"angle":0.0,"axis":"x","origin":[10.33498,-1.1726618,-0.906981]},"faces":{"down":{"uv":[7.0,7.0,9.0,9.0],"rotation":90,"texture":"#42c982e7-0c1a-2e0a-a038-3b0df28c39a6","tintindex":0},"east":{"uv":[7.0,7.0,9.0,9.0],"rotation":270,"texture":"#42c982e7-0c1a-2e0a-a038-3b0df28c39a6","tintindex":0},"north":{"uv":[7.0,7.0,9.0,9.0],"rotation":270,"texture":"#42c982e7-0c1a-2e0a-a038-3b0df28c39a6","tintindex":0},"south":{"uv":[7.0,7.0,9.0,9.0],"rotation":90,"texture":"#42c982e7-0c1a-2e0a-a038-3b0df28c39a6","tintindex":0},"up":{"uv":[7.0,7.0,9.0,9.0],"rotation":90,"texture":"#42c982e7-0c1a-2e0a-a038-3b0df28c39a6","tintindex":0},"west":{"uv":[7.0,7.0,9.0,9.0],"rotation":270,"texture":"#42c982e7-0c1a-2e0a-a038-3b0df28c39a6","tintindex":0}}}],"display":{"head":{"translation":[0.0,-8.6538515,0.0],"rotation":[0.0,0.0,0.0],"scale":[3.8095,3.8095,3.8095]},"gui":{"translation":[0.0,0.0,0.0],"rotation":[35.0,225.0,0.0],"scale":[0.625,0.625,0.625]}}}