{"file_name":"body_low","texture_size":[256,256],"textures":{"fe698ccc-469f-c3d0-cb1e-d5e55767e57b":"modelengine:entity/raidrobot1","b66cf744-1fb8-4cbb-47fc-41028e1b0f5b":"modelengine:entity/raidrobot2","bbb80463-07cb-07c1-9b8a-9adfa462a1d7":"modelengine:entity/raidrobot_sword"},"elements":[{"name":"cube","from":[-0.29966545,12.483718,2.9480295],"to":[16.299665,16.573408,13.05197],"rotation":{"angle":0.0,"axis":"x","origin":[8.0,14.528562,8.0]},"faces":{"down":{"uv":[2.3125,1.375,1.4375,1.9375],"rotation":0,"texture":"#fe698ccc-469f-c3d0-cb1e-d5e55767e57b","tintindex":0},"east":{"uv":[1.4375,1.9375,2.0,2.1875],"rotation":0,"texture":"#fe698ccc-469f-c3d0-cb1e-d5e55767e57b","tintindex":0},"north":{"uv":[2.0,1.9375,2.875,2.1875],"rotation":0,"texture":"#fe698ccc-469f-c3d0-cb1e-d5e55767e57b","tintindex":0},"south":{"uv":[0.5625,1.9375,1.4375,2.1875],"rotation":0,"texture":"#fe698ccc-469f-c3d0-cb1e-d5e55767e57b","tintindex":0},"up":{"uv":[1.4375,1.9375,0.5625,1.375],"rotation":180,"texture":"#fe698ccc-469f-c3d0-cb1e-d5e55767e57b","tintindex":0},"west":{"uv":[0.0,1.9375,0.5625,2.1875],"rotation":0,"texture":"#fe698ccc-469f-c3d0-cb1e-d5e55767e57b","tintindex":0}}},{"name":"cube","from":[0.88904,8.394027,4.0914497],"to":[15.110961,12.548846,11.90855],"rotation":{"angle":0.0,"axis":"x","origin":[8.0,10.4714365,8.0]},"faces":{"down":{"uv":[1.4375,1.375,2.3125,1.9375],"rotation":0,"texture":"#fe698ccc-469f-c3d0-cb1e-d5e55767e57b","tintindex":0},"east":{"uv":[0.0,1.9375,0.5625,2.1875],"rotation":0,"texture":"#fe698ccc-469f-c3d0-cb1e-d5e55767e57b","tintindex":0},"north":{"uv":[0.5625,1.9375,1.4375,2.1875],"rotation":0,"texture":"#fe698ccc-469f-c3d0-cb1e-d5e55767e57b","tintindex":0},"south":{"uv":[2.0,1.9375,2.875,2.1875],"rotation":0,"texture":"#fe698ccc-469f-c3d0-cb1e-d5e55767e57b","tintindex":0},"up":{"uv":[0.5625,1.375,1.4375,1.9375],"rotation":0,"texture":"#fe698ccc-469f-c3d0-cb1e-d5e55767e57b","tintindex":0},"west":{"uv":[1.4375,1.9375,2.0,2.1875],"rotation":0,"texture":"#fe698ccc-469f-c3d0-cb1e-d5e55767e57b","tintindex":0}}}],"display":{"head":{"translation":[0.0,-6.4,0.0],"rotation":[0.0,0.0,0.0],"scale":[3.8095,3.8095,3.8095]},"gui":{"translation":[0.0,0.0,0.0],"rotation":[35.0,225.0,0.0],"scale":[0.625,0.625,0.625]}}}