{"file_name":"l_finger_1","texture_size":[256,256],"textures":{"fe698ccc-469f-c3d0-cb1e-d5e55767e57b":"modelengine:entity/raidrobot1","b66cf744-1fb8-4cbb-47fc-41028e1b0f5b":"modelengine:entity/raidrobot2","bbb80463-07cb-07c1-9b8a-9adfa462a1d7":"modelengine:entity/raidrobot_sword"},"elements":[{"name":"cube","from":[7.9978623,7.817435,7.2782903],"to":[9.802137,9.982565,8.72171],"rotation":{"angle":-22.5,"axis":"z","origin":[2.636685,11.885687,9.563705]},"faces":{"down":{"uv":[0.1875,3.9375,0.125,4.0],"rotation":0,"texture":"#fe698ccc-469f-c3d0-cb1e-d5e55767e57b","tintindex":0},"east":{"uv":[0.0,4.0,0.0625,4.125],"rotation":0,"texture":"#fe698ccc-469f-c3d0-cb1e-d5e55767e57b","tintindex":0},"north":{"uv":[0.0625,4.0,0.125,4.125],"rotation":0,"texture":"#fe698ccc-469f-c3d0-cb1e-d5e55767e57b","tintindex":0},"south":{"uv":[0.1875,4.0,0.25,4.125],"rotation":0,"texture":"#fe698ccc-469f-c3d0-cb1e-d5e55767e57b","tintindex":0},"up":{"uv":[0.125,4.0,0.0625,3.9375],"rotation":0,"texture":"#fe698ccc-469f-c3d0-cb1e-d5e55767e57b","tintindex":0},"west":{"uv":[0.125,4.0,0.1875,4.125],"rotation":0,"texture":"#fe698ccc-469f-c3d0-cb1e-d5e55767e57b","tintindex":0}}}],"display":{"head":{"translation":[0.0,-6.4,0.0],"rotation":[0.0,0.0,0.0],"scale":[3.8095,3.8095,3.8095]},"gui":{"translation":[0.0,0.0,0.0],"rotation":[35.0,225.0,0.0],"scale":[0.625,0.625,0.625]}}}