{"file_name":"l_foot","texture_size":[256,256],"textures":{"fe698ccc-469f-c3d0-cb1e-d5e55767e57b":"modelengine:entity/raidrobot1","b66cf744-1fb8-4cbb-47fc-41028e1b0f5b":"modelengine:entity/raidrobot2","bbb80463-07cb-07c1-9b8a-9adfa462a1d7":"modelengine:entity/raidrobot_sword"},"elements":[{"name":"cube","from":[3.9892697,4.409532,0.19219947],"to":[12.168651,8.258653,7.4093],"rotation":{"angle":0.0,"axis":"x","origin":[25.400002,5.074812,9.815001]},"faces":{"down":{"uv":[2.25,3.0,1.125,4.0],"rotation":0,"texture":"#b66cf744-1fb8-4cbb-47fc-41028e1b0f5b","tintindex":0},"east":{"uv":[6.25,6.75,7.25,7.25],"rotation":0,"texture":"#b66cf744-1fb8-4cbb-47fc-41028e1b0f5b","tintindex":0},"north":{"uv":[6.375,3.25,7.5,3.75],"rotation":0,"texture":"#b66cf744-1fb8-4cbb-47fc-41028e1b0f5b","tintindex":0},"south":{"uv":[6.375,4.75,7.5,5.25],"rotation":0,"texture":"#b66cf744-1fb8-4cbb-47fc-41028e1b0f5b","tintindex":0},"up":{"uv":[3.375,4.0,2.25,3.0],"rotation":0,"texture":"#b66cf744-1fb8-4cbb-47fc-41028e1b0f5b","tintindex":0},"west":{"uv":[6.75,5.75,7.75,6.25],"rotation":0,"texture":"#b66cf744-1fb8-4cbb-47fc-41028e1b0f5b","tintindex":0}}},{"name":"cube","from":[4.88927,4.409532,-6.4078007],"to":[11.26865,7.2836523,0.2092998],"rotation":{"angle":0.0,"axis":"x","origin":[25.400002,5.074812,9.815001]},"faces":{"down":{"uv":[5.875,10.5,7.25,11.875],"rotation":0,"texture":"#b66cf744-1fb8-4cbb-47fc-41028e1b0f5b","tintindex":0},"east":{"uv":[7.25,10.375,8.625,11.0],"rotation":0,"texture":"#b66cf744-1fb8-4cbb-47fc-41028e1b0f5b","tintindex":0},"north":{"uv":[7.25,9.75,8.625,10.375],"rotation":0,"texture":"#b66cf744-1fb8-4cbb-47fc-41028e1b0f5b","tintindex":0},"south":{"uv":[4.5,11.875,5.875,12.5],"rotation":0,"texture":"#b66cf744-1fb8-4cbb-47fc-41028e1b0f5b","tintindex":0},"up":{"uv":[5.875,9.125,7.25,10.5],"rotation":0,"texture":"#b66cf744-1fb8-4cbb-47fc-41028e1b0f5b","tintindex":0},"west":{"uv":[7.25,11.0,8.625,11.625],"rotation":0,"texture":"#b66cf744-1fb8-4cbb-47fc-41028e1b0f5b","tintindex":0}}},{"name":"cube","from":[5.43269,4.409532,7.4093],"to":[10.72523,8.258653,13.664121],"rotation":{"angle":0.0,"axis":"x","origin":[25.400002,5.074812,9.815001]},"faces":{"down":{"uv":[6.75,5.875,6.0,6.75],"rotation":0,"texture":"#b66cf744-1fb8-4cbb-47fc-41028e1b0f5b","tintindex":0},"east":{"uv":[7.0,2.0,7.875,2.5],"rotation":0,"texture":"#b66cf744-1fb8-4cbb-47fc-41028e1b0f5b","tintindex":0},"north":{"uv":[0.5,7.25,1.25,7.75],"rotation":0,"texture":"#b66cf744-1fb8-4cbb-47fc-41028e1b0f5b","tintindex":0},"south":{"uv":[7.25,6.75,8.0,7.25],"rotation":0,"texture":"#b66cf744-1fb8-4cbb-47fc-41028e1b0f5b","tintindex":0},"up":{"uv":[7.0,1.625,6.25,0.75],"rotation":0,"texture":"#b66cf744-1fb8-4cbb-47fc-41028e1b0f5b","tintindex":0},"west":{"uv":[3.875,7.0,4.75,7.5],"rotation":0,"texture":"#b66cf744-1fb8-4cbb-47fc-41028e1b0f5b","tintindex":0}}},{"name":"cube","from":[6.2980394,4.409532,13.664121],"to":[9.84113,7.3402324,17.51324],"rotation":{"angle":0.0,"axis":"x","origin":[25.400002,5.074812,9.815001]},"faces":{"down":{"uv":[6.0,12.5,6.75,13.25],"rotation":0,"texture":"#b66cf744-1fb8-4cbb-47fc-41028e1b0f5b","tintindex":0},"east":{"uv":[6.0,13.25,6.75,13.875],"rotation":0,"texture":"#b66cf744-1fb8-4cbb-47fc-41028e1b0f5b","tintindex":0},"north":{"uv":[8.625,9.75,9.375,10.375],"rotation":0,"texture":"#b66cf744-1fb8-4cbb-47fc-41028e1b0f5b","tintindex":0},"south":{"uv":[5.25,13.25,6.0,13.875],"rotation":0,"texture":"#b66cf744-1fb8-4cbb-47fc-41028e1b0f5b","tintindex":0},"up":{"uv":[5.25,12.5,6.0,13.25],"rotation":0,"texture":"#b66cf744-1fb8-4cbb-47fc-41028e1b0f5b","tintindex":0},"west":{"uv":[7.5,12.875,8.25,13.5],"rotation":0,"texture":"#b66cf744-1fb8-4cbb-47fc-41028e1b0f5b","tintindex":0}}}],"display":{"head":{"translation":[0.0,-6.4,0.0],"rotation":[0.0,0.0,0.0],"scale":[3.8095,3.8095,3.8095]},"gui":{"translation":[0.0,0.0,0.0],"rotation":[35.0,225.0,0.0],"scale":[0.625,0.625,0.625]}}}