{"file_name":"l_leg_top","texture_size":[256,256],"textures":{"fe698ccc-469f-c3d0-cb1e-d5e55767e57b":"modelengine:entity/raidrobot1","b66cf744-1fb8-4cbb-47fc-41028e1b0f5b":"modelengine:entity/raidrobot2","bbb80463-07cb-07c1-9b8a-9adfa462a1d7":"modelengine:entity/raidrobot_sword"},"elements":[{"name":"cube","from":[4.9714994,0.2752092,5.12816],"to":[11.22632,11.34143,11.8641205],"rotation":{"angle":45.0,"axis":"x","origin":[9.06119,7.917019,8.014999]},"faces":{"down":{"uv":[3.125,5.75,2.25,6.625],"rotation":0,"texture":"#b66cf744-1fb8-4cbb-47fc-41028e1b0f5b","tintindex":0},"east":{"uv":[0.875,0.0,1.75,1.5],"rotation":0,"texture":"#b66cf744-1fb8-4cbb-47fc-41028e1b0f5b","tintindex":0},"north":{"uv":[0.0,0.0,0.875,1.5],"rotation":0,"texture":"#b66cf744-1fb8-4cbb-47fc-41028e1b0f5b","tintindex":0},"south":{"uv":[0.0,1.5,0.875,3.0],"rotation":0,"texture":"#b66cf744-1fb8-4cbb-47fc-41028e1b0f5b","tintindex":0},"up":{"uv":[6.375,3.875,5.5,3.0],"rotation":0,"texture":"#b66cf744-1fb8-4cbb-47fc-41028e1b0f5b","tintindex":0},"west":{"uv":[0.875,1.5,1.75,3.0],"rotation":0,"texture":"#b66cf744-1fb8-4cbb-47fc-41028e1b0f5b","tintindex":0}}},{"name":"cube","from":[4.4903603,-6.9418907,4.64702],"to":[11.70746,0.2752092,12.34526],"rotation":{"angle":45.0,"axis":"x","origin":[25.419949,7.917019,8.014999]},"faces":{"down":{"uv":[3.0,4.0,2.0,5.0],"rotation":0,"texture":"#b66cf744-1fb8-4cbb-47fc-41028e1b0f5b","tintindex":0},"east":{"uv":[3.5,1.0,4.5,2.0],"rotation":0,"texture":"#b66cf744-1fb8-4cbb-47fc-41028e1b0f5b","tintindex":0},"north":{"uv":[3.5,0.0,4.5,1.0],"rotation":0,"texture":"#b66cf744-1fb8-4cbb-47fc-41028e1b0f5b","tintindex":0},"south":{"uv":[3.5,2.0,4.5,3.0],"rotation":0,"texture":"#b66cf744-1fb8-4cbb-47fc-41028e1b0f5b","tintindex":0},"up":{"uv":[2.0,5.0,1.0,4.0],"rotation":0,"texture":"#b66cf744-1fb8-4cbb-47fc-41028e1b0f5b","tintindex":0},"west":{"uv":[0.0,4.0,1.0,5.0],"rotation":0,"texture":"#b66cf744-1fb8-4cbb-47fc-41028e1b0f5b","tintindex":0}}},{"name":"cube","from":[3.5280802,6.5300293,6.57158],"to":[4.9714994,9.41687,9.45842],"rotation":{"angle":0.0,"axis":"x","origin":[17.0,-8.92288,8.014999]},"faces":{"down":{"uv":[2.375,8.375,2.125,8.75],"rotation":0,"texture":"#b66cf744-1fb8-4cbb-47fc-41028e1b0f5b","tintindex":0},"east":{"uv":[4.125,8.0,4.5,8.375],"rotation":0,"texture":"#b66cf744-1fb8-4cbb-47fc-41028e1b0f5b","tintindex":0},"north":{"uv":[4.5,7.5,4.75,7.875],"rotation":0,"texture":"#b66cf744-1fb8-4cbb-47fc-41028e1b0f5b","tintindex":0},"south":{"uv":[1.0,8.375,1.25,8.75],"rotation":0,"texture":"#b66cf744-1fb8-4cbb-47fc-41028e1b0f5b","tintindex":0},"up":{"uv":[2.125,8.75,1.875,8.375],"rotation":0,"texture":"#b66cf744-1fb8-4cbb-47fc-41028e1b0f5b","tintindex":0},"west":{"uv":[8.0,4.375,8.375,4.75],"rotation":0,"texture":"#b66cf744-1fb8-4cbb-47fc-41028e1b0f5b","tintindex":0}}},{"name":"cube","from":[5.873993,4.8761106,4.16588],"to":[10.323826,10.439293,5.12816],"rotation":{"angle":45.0,"axis":"x","origin":[25.419949,7.917019,8.014999]},"faces":{"down":{"uv":[2.0,6.5,1.5,6.625],"rotation":0,"texture":"#b66cf744-1fb8-4cbb-47fc-41028e1b0f5b","tintindex":0},"east":{"uv":[5.0,8.25,5.125,9.0],"rotation":0,"texture":"#b66cf744-1fb8-4cbb-47fc-41028e1b0f5b","tintindex":0},"north":{"uv":[7.125,2.5,7.625,3.25],"rotation":0,"texture":"#b66cf744-1fb8-4cbb-47fc-41028e1b0f5b","tintindex":0},"south":{"uv":[0.0,7.25,0.5,8.0],"rotation":0,"texture":"#b66cf744-1fb8-4cbb-47fc-41028e1b0f5b","tintindex":0},"up":{"uv":[5.0,5.125,4.5,5.0],"rotation":0,"texture":"#b66cf744-1fb8-4cbb-47fc-41028e1b0f5b","tintindex":0},"west":{"uv":[0.875,8.375,1.0,9.125],"rotation":0,"texture":"#b66cf744-1fb8-4cbb-47fc-41028e1b0f5b","tintindex":0}}}],"display":{"head":{"translation":[0.0,-6.4,0.0],"rotation":[0.0,0.0,0.0],"scale":[3.8095,3.8095,3.8095]},"gui":{"translation":[0.0,0.0,0.0],"rotation":[35.0,225.0,0.0],"scale":[0.625,0.625,0.625]}}}