{"file_name":"r_sword","texture_size":[256,256],"textures":{"fe698ccc-469f-c3d0-cb1e-d5e55767e57b":"modelengine:entity/raidrobot1","b66cf744-1fb8-4cbb-47fc-41028e1b0f5b":"modelengine:entity/raidrobot2","bbb80463-07cb-07c1-9b8a-9adfa462a1d7":"modelengine:entity/raidrobot_sword"},"elements":[{"name":"cube","from":[7.64205,7.543041,19.828571],"to":[8.67062,9.257327,27.885714],"rotation":{"angle":0.0,"axis":"x","origin":[8.156336,8.400185,24.028572]},"faces":{"down":{"uv":[1.9375,4.875,1.75,6.375],"rotation":0,"texture":"#bbb80463-07cb-07c1-9b8a-9adfa462a1d7","tintindex":0},"east":{"uv":[3.375,2.625,4.875,2.9375],"rotation":0,"texture":"#bbb80463-07cb-07c1-9b8a-9adfa462a1d7","tintindex":0},"north":{"uv":[2.6875,6.0625,2.875,6.375],"rotation":0,"texture":"#bbb80463-07cb-07c1-9b8a-9adfa462a1d7","tintindex":0},"south":{"uv":[2.875,6.0625,3.0625,6.375],"rotation":0,"texture":"#bbb80463-07cb-07c1-9b8a-9adfa462a1d7","tintindex":0},"up":{"uv":[1.75,6.375,1.5625,4.875],"rotation":0,"texture":"#bbb80463-07cb-07c1-9b8a-9adfa462a1d7","tintindex":0},"west":{"uv":[3.625,3.5625,5.125,3.875],"rotation":0,"texture":"#bbb80463-07cb-07c1-9b8a-9adfa462a1d7","tintindex":0}}},{"name":"cube","from":[7.299193,7.200184,27.885714],"to":[9.013479,9.6001835,30.542858],"rotation":{"angle":0.0,"axis":"x","origin":[8.156336,8.400185,24.028572]},"faces":{"down":{"uv":[2.25,5.8125,1.9375,6.3125],"rotation":0,"texture":"#bbb80463-07cb-07c1-9b8a-9adfa462a1d7","tintindex":0},"east":{"uv":[5.4375,4.4375,5.9375,4.875],"rotation":0,"texture":"#bbb80463-07cb-07c1-9b8a-9adfa462a1d7","tintindex":0},"north":{"uv":[5.9375,3.0625,6.25,3.5],"rotation":0,"texture":"#bbb80463-07cb-07c1-9b8a-9adfa462a1d7","tintindex":0},"south":{"uv":[3.25,5.9375,3.5625,6.375],"rotation":0,"texture":"#bbb80463-07cb-07c1-9b8a-9adfa462a1d7","tintindex":0},"up":{"uv":[3.9375,6.25,3.625,5.75],"rotation":0,"texture":"#bbb80463-07cb-07c1-9b8a-9adfa462a1d7","tintindex":0},"west":{"uv":[5.5,3.8125,6.0,4.25],"rotation":0,"texture":"#bbb80463-07cb-07c1-9b8a-9adfa462a1d7","tintindex":0}}},{"name":"cube","from":[7.1277637,7.3716125,15.371429],"to":[8.84205,9.428755,19.828571],"rotation":{"angle":0.0,"axis":"x","origin":[8.156336,8.400185,17.257143]},"faces":{"down":{"uv":[5.5625,2.625,5.25,3.4375],"rotation":0,"texture":"#bbb80463-07cb-07c1-9b8a-9adfa462a1d7","tintindex":0},"east":{"uv":[4.875,0.5625,5.6875,0.9375],"rotation":0,"texture":"#bbb80463-07cb-07c1-9b8a-9adfa462a1d7","tintindex":0},"north":{"uv":[5.5,5.9375,5.8125,6.3125],"rotation":0,"texture":"#bbb80463-07cb-07c1-9b8a-9adfa462a1d7","tintindex":0},"south":{"uv":[5.9375,5.5,6.25,5.875],"rotation":0,"texture":"#bbb80463-07cb-07c1-9b8a-9adfa462a1d7","tintindex":0},"up":{"uv":[5.4375,5.25,5.125,4.4375],"rotation":0,"texture":"#bbb80463-07cb-07c1-9b8a-9adfa462a1d7","tintindex":0},"west":{"uv":[4.875,0.9375,5.6875,1.3125],"rotation":0,"texture":"#bbb80463-07cb-07c1-9b8a-9adfa462a1d7","tintindex":0}}},{"name":"cube","from":[6.9563346,6.900184,13.142857],"to":[9.013479,9.771612,15.371429],"rotation":{"angle":0.0,"axis":"x","origin":[8.156336,8.571612,17.257143]},"faces":{"down":{"uv":[6.0625,0.875,5.6875,1.3125],"rotation":0,"texture":"#bbb80463-07cb-07c1-9b8a-9adfa462a1d7","tintindex":0},"east":{"uv":[4.625,5.5,5.0625,6.0],"rotation":0,"texture":"#bbb80463-07cb-07c1-9b8a-9adfa462a1d7","tintindex":0},"north":{"uv":[3.25,5.4375,3.625,5.9375],"rotation":0,"texture":"#bbb80463-07cb-07c1-9b8a-9adfa462a1d7","tintindex":0},"south":{"uv":[5.5625,3.0625,5.9375,3.5625],"rotation":0,"texture":"#bbb80463-07cb-07c1-9b8a-9adfa462a1d7","tintindex":0},"up":{"uv":[6.0625,0.875,5.6875,0.4375],"rotation":0,"texture":"#bbb80463-07cb-07c1-9b8a-9adfa462a1d7","tintindex":0},"west":{"uv":[5.0625,5.5,5.5,6.0],"rotation":0,"texture":"#bbb80463-07cb-07c1-9b8a-9adfa462a1d7","tintindex":0}}},{"name":"cube","from":[7.427764,9.148292,17.454414],"to":[8.542049,10.605433,18.825844],"rotation":{"angle":45.0,"axis":"x","origin":[8.156336,10.51972,17.282988]},"faces":{"down":{"uv":[6.1875,6.125,6.0,6.375],"rotation":0,"texture":"#bbb80463-07cb-07c1-9b8a-9adfa462a1d7","tintindex":0},"east":{"uv":[6.0625,1.0625,6.3125,1.3125],"rotation":0,"texture":"#bbb80463-07cb-07c1-9b8a-9adfa462a1d7","tintindex":0},"north":{"uv":[6.125,3.5,6.3125,3.75],"rotation":0,"texture":"#bbb80463-07cb-07c1-9b8a-9adfa462a1d7","tintindex":0},"south":{"uv":[6.125,5.0625,6.3125,5.3125],"rotation":0,"texture":"#bbb80463-07cb-07c1-9b8a-9adfa462a1d7","tintindex":0},"up":{"uv":[6.0,6.375,5.8125,6.125],"rotation":0,"texture":"#bbb80463-07cb-07c1-9b8a-9adfa462a1d7","tintindex":0},"west":{"uv":[2.4375,6.0625,2.6875,6.3125],"rotation":0,"texture":"#bbb80463-07cb-07c1-9b8a-9adfa462a1d7","tintindex":0}}},{"name":"cube","from":[7.5563354,9.412787,15.389919],"to":[8.413478,10.398501,17.404205],"rotation":{"angle":0.0,"axis":"x","origin":[8.156336,12.284216,15.518492]},"faces":{"down":{"uv":[6.25,1.75,6.0625,2.125],"rotation":0,"texture":"#bbb80463-07cb-07c1-9b8a-9adfa462a1d7","tintindex":0},"east":{"uv":[4.875,1.9375,5.25,2.125],"rotation":0,"texture":"#bbb80463-07cb-07c1-9b8a-9adfa462a1d7","tintindex":0},"north":{"uv":[5.25,1.9375,5.4375,2.125],"rotation":0,"texture":"#bbb80463-07cb-07c1-9b8a-9adfa462a1d7","tintindex":0},"south":{"uv":[6.25,3.3125,6.4375,3.5],"rotation":0,"texture":"#bbb80463-07cb-07c1-9b8a-9adfa462a1d7","tintindex":0},"up":{"uv":[6.25,1.0625,6.0625,0.6875],"rotation":0,"texture":"#bbb80463-07cb-07c1-9b8a-9adfa462a1d7","tintindex":0},"west":{"uv":[5.5,4.25,5.875,4.4375],"rotation":0,"texture":"#bbb80463-07cb-07c1-9b8a-9adfa462a1d7","tintindex":0}}},{"name":"cube","from":[7.684906,9.518028,12.876145],"to":[8.284906,10.8466,15.490431],"rotation":{"angle":-22.5,"axis":"x","origin":[8.156336,10.182314,15.51186]},"faces":{"down":{"uv":[5.125,4.4375,5.0,4.9375],"rotation":0,"texture":"#bbb80463-07cb-07c1-9b8a-9adfa462a1d7","tintindex":0},"east":{"uv":[5.9375,4.25,6.4375,4.5],"rotation":0,"texture":"#bbb80463-07cb-07c1-9b8a-9adfa462a1d7","tintindex":0},"north":{"uv":[5.375,6.0,5.5,6.25],"rotation":0,"texture":"#bbb80463-07cb-07c1-9b8a-9adfa462a1d7","tintindex":0},"south":{"uv":[3.5625,6.25,3.6875,6.5],"rotation":0,"texture":"#bbb80463-07cb-07c1-9b8a-9adfa462a1d7","tintindex":0},"up":{"uv":[3.625,5.375,3.5,4.875],"rotation":0,"texture":"#bbb80463-07cb-07c1-9b8a-9adfa462a1d7","tintindex":0},"west":{"uv":[5.9375,4.5,6.4375,4.75],"rotation":0,"texture":"#bbb80463-07cb-07c1-9b8a-9adfa462a1d7","tintindex":0}}},{"name":"cube","from":[7.770621,4.375171,12.876145],"to":[8.199192,6.0466003,13.776146],"rotation":{"angle":45.0,"axis":"x","origin":[7.9849067,4.5251713,14.183288]},"faces":{"down":{"uv":[5.9375,4.25,5.875,4.4375],"rotation":0,"texture":"#bbb80463-07cb-07c1-9b8a-9adfa462a1d7","tintindex":0},"east":{"uv":[3.0625,6.0625,3.25,6.375],"rotation":0,"texture":"#bbb80463-07cb-07c1-9b8a-9adfa462a1d7","tintindex":0},"north":{"uv":[3.5625,5.9375,3.625,6.25],"rotation":0,"texture":"#bbb80463-07cb-07c1-9b8a-9adfa462a1d7","tintindex":0},"south":{"uv":[3.8125,6.25,3.875,6.5625],"rotation":0,"texture":"#bbb80463-07cb-07c1-9b8a-9adfa462a1d7","tintindex":0},"up":{"uv":[2.5,6.0,2.4375,5.8125],"rotation":0,"texture":"#bbb80463-07cb-07c1-9b8a-9adfa462a1d7","tintindex":0},"west":{"uv":[6.0625,4.75,6.25,5.0625],"rotation":0,"texture":"#bbb80463-07cb-07c1-9b8a-9adfa462a1d7","tintindex":0}}},{"name":"cube","from":[7.5134788,10.326803,11.191732],"to":[8.456335,11.569658,16.806019],"rotation":{"angle":-22.5,"axis":"x","origin":[8.156336,11.162518,13.998875]},"faces":{"down":{"uv":[4.375,5.6875,4.1875,6.6875],"rotation":0,"texture":"#bbb80463-07cb-07c1-9b8a-9adfa462a1d7","tintindex":0},"east":{"uv":[5.125,3.5625,6.125,3.8125],"rotation":0,"texture":"#bbb80463-07cb-07c1-9b8a-9adfa462a1d7","tintindex":0},"north":{"uv":[6.1875,6.125,6.375,6.375],"rotation":0,"texture":"#bbb80463-07cb-07c1-9b8a-9adfa462a1d7","tintindex":0},"south":{"uv":[6.25,0.6875,6.4375,0.9375],"rotation":0,"texture":"#bbb80463-07cb-07c1-9b8a-9adfa462a1d7","tintindex":0},"up":{"uv":[4.1875,6.6875,4.0,5.6875],"rotation":0,"texture":"#bbb80463-07cb-07c1-9b8a-9adfa462a1d7","tintindex":0},"west":{"uv":[5.125,5.25,6.125,5.5],"rotation":0,"texture":"#bbb80463-07cb-07c1-9b8a-9adfa462a1d7","tintindex":0}}},{"name":"cube","from":[7.427764,8.9706,17.638659],"to":[8.542049,10.187742,21.1958],"rotation":{"angle":45.0,"axis":"x","origin":[8.84205,15.163457,11.445801]},"faces":{"down":{"uv":[2.4375,5.8125,2.25,6.4375],"rotation":0,"texture":"#bbb80463-07cb-07c1-9b8a-9adfa462a1d7","tintindex":0},"east":{"uv":[5.4375,1.875,6.0625,2.125],"rotation":0,"texture":"#bbb80463-07cb-07c1-9b8a-9adfa462a1d7","tintindex":0},"north":{"uv":[6.25,1.75,6.4375,2.0],"rotation":0,"texture":"#bbb80463-07cb-07c1-9b8a-9adfa462a1d7","tintindex":0},"south":{"uv":[6.25,3.0625,6.4375,3.3125],"rotation":0,"texture":"#bbb80463-07cb-07c1-9b8a-9adfa462a1d7","tintindex":0},"up":{"uv":[4.5625,6.3125,4.375,5.6875],"rotation":0,"texture":"#bbb80463-07cb-07c1-9b8a-9adfa462a1d7","tintindex":0},"west":{"uv":[5.4375,4.875,6.0625,5.125],"rotation":0,"texture":"#bbb80463-07cb-07c1-9b8a-9adfa462a1d7","tintindex":0}}},{"name":"cube","from":[7.5563354,5.8716125,13.142857],"to":[8.413478,8.571612,16.228573],"rotation":{"angle":0.0,"axis":"x","origin":[8.156336,8.400185,17.257143]},"faces":{"down":{"uv":[5.0,6.0,4.8125,6.5625],"rotation":0,"texture":"#bbb80463-07cb-07c1-9b8a-9adfa462a1d7","tintindex":0},"east":{"uv":[4.875,1.4375,5.4375,1.9375],"rotation":0,"texture":"#bbb80463-07cb-07c1-9b8a-9adfa462a1d7","tintindex":0},"north":{"uv":[5.0,6.0,5.1875,6.5],"rotation":0,"texture":"#bbb80463-07cb-07c1-9b8a-9adfa462a1d7","tintindex":0},"south":{"uv":[5.1875,6.0,5.375,6.5],"rotation":0,"texture":"#bbb80463-07cb-07c1-9b8a-9adfa462a1d7","tintindex":0},"up":{"uv":[4.8125,6.5625,4.625,6.0],"rotation":0,"texture":"#bbb80463-07cb-07c1-9b8a-9adfa462a1d7","tintindex":0},"west":{"uv":[1.9375,4.875,2.5,5.375],"rotation":0,"texture":"#bbb80463-07cb-07c1-9b8a-9adfa462a1d7","tintindex":0}}},{"name":"cube","from":[7.8134775,5.252076,17.9687],"to":[8.156336,5.937791,19.854416],"rotation":{"angle":-45.0,"axis":"x","origin":[8.156336,6.2806473,17.282988]},"faces":{"down":{"uv":[3.8125,6.25,3.75,6.625],"rotation":0,"texture":"#bbb80463-07cb-07c1-9b8a-9adfa462a1d7","tintindex":0},"east":{"uv":[5.4375,5.125,5.8125,5.25],"rotation":0,"texture":"#bbb80463-07cb-07c1-9b8a-9adfa462a1d7","tintindex":0},"north":{"uv":[5.4375,3.4375,5.5,3.5625],"rotation":0,"texture":"#bbb80463-07cb-07c1-9b8a-9adfa462a1d7","tintindex":0},"south":{"uv":[5.5,3.4375,5.5625,3.5625],"rotation":0,"texture":"#bbb80463-07cb-07c1-9b8a-9adfa462a1d7","tintindex":0},"up":{"uv":[3.75,6.625,3.6875,6.25],"rotation":0,"texture":"#bbb80463-07cb-07c1-9b8a-9adfa462a1d7","tintindex":0},"west":{"uv":[6.125,5.3125,6.5,5.4375],"rotation":0,"texture":"#bbb80463-07cb-07c1-9b8a-9adfa462a1d7","tintindex":0}}},{"name":"cube","from":[7.8563356,6.0489254,16.223742],"to":[8.113478,6.5096397,18.49517],"rotation":{"angle":0.0,"axis":"x","origin":[8.156336,6.3810678,19.438026]},"faces":{"down":{"uv":[4.0,6.1875,3.9375,6.625],"rotation":0,"texture":"#bbb80463-07cb-07c1-9b8a-9adfa462a1d7","tintindex":0},"east":{"uv":[5.9375,5.875,6.375,5.9375],"rotation":0,"texture":"#bbb80463-07cb-07c1-9b8a-9adfa462a1d7","tintindex":0},"north":{"uv":[5.125,3.8125,5.1875,3.875],"rotation":0,"texture":"#bbb80463-07cb-07c1-9b8a-9adfa462a1d7","tintindex":0},"south":{"uv":[5.1875,3.8125,5.25,3.875],"rotation":0,"texture":"#bbb80463-07cb-07c1-9b8a-9adfa462a1d7","tintindex":0},"up":{"uv":[4.0,6.1875,3.9375,5.75],"rotation":0,"texture":"#bbb80463-07cb-07c1-9b8a-9adfa462a1d7","tintindex":0},"west":{"uv":[6.125,3.75,6.5625,3.8125],"rotation":0,"texture":"#bbb80463-07cb-07c1-9b8a-9adfa462a1d7","tintindex":0}}},{"name":"cube","from":[6.9563346,5.3144693,-16.0],"to":[9.013479,11.143042,11.599999],"rotation":{"angle":0.0,"axis":"x","origin":[8.156336,7.8001842,10.742857]},"faces":{"down":{"uv":[0.75,2.125,0.375,7.0],"rotation":0,"texture":"#bbb80463-07cb-07c1-9b8a-9adfa462a1d7","tintindex":0},"east":{"uv":[0.0,0.0,4.875,1.0625],"rotation":0,"texture":"#bbb80463-07cb-07c1-9b8a-9adfa462a1d7","tintindex":0},"north":{"uv":[4.625,3.875,5.0,4.9375],"rotation":0,"texture":"#bbb80463-07cb-07c1-9b8a-9adfa462a1d7","tintindex":0},"south":{"uv":[3.625,4.6875,4.0,5.75],"rotation":0,"texture":"#bbb80463-07cb-07c1-9b8a-9adfa462a1d7","tintindex":0},"up":{"uv":[0.375,7.0,0.0,2.125],"rotation":0,"texture":"#bbb80463-07cb-07c1-9b8a-9adfa462a1d7","tintindex":0},"west":{"uv":[0.0,1.0625,4.875,2.125],"rotation":0,"texture":"#bbb80463-07cb-07c1-9b8a-9adfa462a1d7","tintindex":0}}},{"name":"cube","from":[7.299193,4.8001842,-15.828571],"to":[8.67062,5.3144693,11.599999],"rotation":{"angle":0.0,"axis":"x","origin":[8.156336,7.8001842,10.742857]},"faces":{"down":{"uv":[1.125,2.9375,0.9375,7.75],"rotation":0,"texture":"#bbb80463-07cb-07c1-9b8a-9adfa462a1d7","tintindex":0},"east":{"uv":[3.375,2.125,8.1875,2.25],"rotation":0,"texture":"#bbb80463-07cb-07c1-9b8a-9adfa462a1d7","tintindex":0},"north":{"uv":[5.25,3.4375,5.4375,3.5625],"rotation":0,"texture":"#bbb80463-07cb-07c1-9b8a-9adfa462a1d7","tintindex":0},"south":{"uv":[5.4375,0.4375,5.625,0.5625],"rotation":0,"texture":"#bbb80463-07cb-07c1-9b8a-9adfa462a1d7","tintindex":0},"up":{"uv":[0.9375,7.75,0.75,2.9375],"rotation":0,"texture":"#bbb80463-07cb-07c1-9b8a-9adfa462a1d7","tintindex":0},"west":{"uv":[3.375,2.25,8.1875,2.375],"rotation":0,"texture":"#bbb80463-07cb-07c1-9b8a-9adfa462a1d7","tintindex":0}}},{"name":"cube","from":[7.299193,11.143042,-14.971428],"to":[8.67062,11.674471,11.599999],"rotation":{"angle":0.0,"axis":"x","origin":[8.156336,7.457327,10.742857]},"faces":{"down":{"uv":[1.5,2.9375,1.3125,7.625],"rotation":0,"texture":"#bbb80463-07cb-07c1-9b8a-9adfa462a1d7","tintindex":0},"east":{"uv":[3.375,2.375,8.0625,2.5],"rotation":0,"texture":"#bbb80463-07cb-07c1-9b8a-9adfa462a1d7","tintindex":0},"north":{"uv":[5.8125,5.125,6.0,5.25],"rotation":0,"texture":"#bbb80463-07cb-07c1-9b8a-9adfa462a1d7","tintindex":0},"south":{"uv":[6.25,0.9375,6.4375,1.0625],"rotation":0,"texture":"#bbb80463-07cb-07c1-9b8a-9adfa462a1d7","tintindex":0},"up":{"uv":[1.3125,7.625,1.125,2.9375],"rotation":0,"texture":"#bbb80463-07cb-07c1-9b8a-9adfa462a1d7","tintindex":0},"west":{"uv":[3.375,2.5,8.0625,2.625],"rotation":0,"texture":"#bbb80463-07cb-07c1-9b8a-9adfa462a1d7","tintindex":0}}},{"name":"cube","from":[7.64205,4.4573264,-15.485714],"to":[8.327764,4.8001842,11.599999],"rotation":{"angle":0.0,"axis":"x","origin":[8.156336,7.8001842,10.742857]},"faces":{"down":{"uv":[1.5625,4.875,1.5,9.625],"rotation":0,"texture":"#bbb80463-07cb-07c1-9b8a-9adfa462a1d7","tintindex":0},"east":{"uv":[4.875,1.3125,9.625,1.375],"rotation":0,"texture":"#bbb80463-07cb-07c1-9b8a-9adfa462a1d7","tintindex":0},"north":{"uv":[5.25,3.8125,5.3125,3.875],"rotation":0,"texture":"#bbb80463-07cb-07c1-9b8a-9adfa462a1d7","tintindex":0},"south":{"uv":[5.3125,3.8125,5.375,3.875],"rotation":0,"texture":"#bbb80463-07cb-07c1-9b8a-9adfa462a1d7","tintindex":0},"up":{"uv":[4.625,9.4375,4.5625,4.6875],"rotation":0,"texture":"#bbb80463-07cb-07c1-9b8a-9adfa462a1d7","tintindex":0},"west":{"uv":[4.875,1.375,9.625,1.4375],"rotation":0,"texture":"#bbb80463-07cb-07c1-9b8a-9adfa462a1d7","tintindex":0}}},{"name":"cube","from":[6.973478,11.143042,-16.0],"to":[8.996336,12.000184,-11.714283],"rotation":{"angle":0.0,"axis":"x","origin":[8.156336,7.457327,10.057142]},"faces":{"down":{"uv":[3.25,5.4375,2.875,6.0625],"rotation":0,"texture":"#bbb80463-07cb-07c1-9b8a-9adfa462a1d7","tintindex":0},"east":{"uv":[5.8125,5.9375,6.4375,6.125],"rotation":0,"texture":"#bbb80463-07cb-07c1-9b8a-9adfa462a1d7","tintindex":0},"north":{"uv":[6.0,2.875,6.375,3.0625],"rotation":0,"texture":"#bbb80463-07cb-07c1-9b8a-9adfa462a1d7","tintindex":0},"south":{"uv":[6.0,4.0625,6.375,4.25],"rotation":0,"texture":"#bbb80463-07cb-07c1-9b8a-9adfa462a1d7","tintindex":0},"up":{"uv":[2.875,6.0625,2.5,5.4375],"rotation":0,"texture":"#bbb80463-07cb-07c1-9b8a-9adfa462a1d7","tintindex":0},"west":{"uv":[6.0,0.0,6.625,0.1875],"rotation":0,"texture":"#bbb80463-07cb-07c1-9b8a-9adfa462a1d7","tintindex":0}}},{"name":"cube","from":[6.990621,6.385376,-11.341711],"to":[8.987764,7.5853753,-9.627424],"rotation":{"angle":45.0,"axis":"x","origin":[8.173477,10.242518,-6.1988525]},"faces":{"down":{"uv":[6.375,1.4375,6.0,1.75],"rotation":0,"texture":"#bbb80463-07cb-07c1-9b8a-9adfa462a1d7","tintindex":0},"east":{"uv":[6.0,3.8125,6.3125,4.0625],"rotation":0,"texture":"#bbb80463-07cb-07c1-9b8a-9adfa462a1d7","tintindex":0},"north":{"uv":[6.0,0.1875,6.375,0.4375],"rotation":0,"texture":"#bbb80463-07cb-07c1-9b8a-9adfa462a1d7","tintindex":0},"south":{"uv":[6.0,2.625,6.375,2.875],"rotation":0,"texture":"#bbb80463-07cb-07c1-9b8a-9adfa462a1d7","tintindex":0},"up":{"uv":[5.25,2.9375,4.875,2.625],"rotation":0,"texture":"#bbb80463-07cb-07c1-9b8a-9adfa462a1d7","tintindex":0},"west":{"uv":[6.0625,0.4375,6.375,0.6875],"rotation":0,"texture":"#bbb80463-07cb-07c1-9b8a-9adfa462a1d7","tintindex":0}}},{"name":"cube","from":[6.44205,6.6001835,6.200001],"to":[9.527763,9.985898,13.314285],"rotation":{"angle":0.0,"axis":"x","origin":[8.156336,7.971613,10.742857]},"faces":{"down":{"uv":[2.625,3.5625,2.0625,4.875],"rotation":0,"texture":"#bbb80463-07cb-07c1-9b8a-9adfa462a1d7","tintindex":0},"east":{"uv":[1.5,2.9375,2.8125,3.5625],"rotation":0,"texture":"#bbb80463-07cb-07c1-9b8a-9adfa462a1d7","tintindex":0},"north":{"uv":[4.125,2.9375,4.6875,3.5625],"rotation":0,"texture":"#bbb80463-07cb-07c1-9b8a-9adfa462a1d7","tintindex":0},"south":{"uv":[4.6875,2.9375,5.25,3.5625],"rotation":0,"texture":"#bbb80463-07cb-07c1-9b8a-9adfa462a1d7","tintindex":0},"up":{"uv":[2.0625,4.875,1.5,3.5625],"rotation":0,"texture":"#bbb80463-07cb-07c1-9b8a-9adfa462a1d7","tintindex":0},"west":{"uv":[2.8125,2.9375,4.125,3.5625],"rotation":0,"texture":"#bbb80463-07cb-07c1-9b8a-9adfa462a1d7","tintindex":0}}},{"name":"cube","from":[6.656336,6.043041,6.0714283],"to":[9.3134775,10.54304,13.142857],"rotation":{"angle":0.0,"axis":"x","origin":[8.156336,7.971613,10.742857]},"faces":{"down":{"uv":[3.625,3.5625,3.125,4.875],"rotation":0,"texture":"#bbb80463-07cb-07c1-9b8a-9adfa462a1d7","tintindex":0},"east":{"uv":[0.75,2.125,2.0625,2.9375],"rotation":0,"texture":"#bbb80463-07cb-07c1-9b8a-9adfa462a1d7","tintindex":0},"north":{"uv":[3.625,3.875,4.125,4.6875],"rotation":0,"texture":"#bbb80463-07cb-07c1-9b8a-9adfa462a1d7","tintindex":0},"south":{"uv":[4.125,3.875,4.625,4.6875],"rotation":0,"texture":"#bbb80463-07cb-07c1-9b8a-9adfa462a1d7","tintindex":0},"up":{"uv":[3.125,4.875,2.625,3.5625],"rotation":0,"texture":"#bbb80463-07cb-07c1-9b8a-9adfa462a1d7","tintindex":0},"west":{"uv":[2.0625,2.125,3.375,2.9375],"rotation":0,"texture":"#bbb80463-07cb-07c1-9b8a-9adfa462a1d7","tintindex":0}}},{"name":"cube","from":[6.4527636,4.2343435,6.572917],"to":[9.51705,6.6343436,8.972916],"rotation":{"angle":-45.0,"axis":"x","origin":[8.006334,4.9629145,3.5407734]},"faces":{"down":{"uv":[6.0,1.4375,5.4375,1.875],"rotation":0,"texture":"#bbb80463-07cb-07c1-9b8a-9adfa462a1d7","tintindex":0},"east":{"uv":[5.5,5.5,5.9375,5.9375],"rotation":0,"texture":"#bbb80463-07cb-07c1-9b8a-9adfa462a1d7","tintindex":0},"north":{"uv":[4.0,5.25,4.5625,5.6875],"rotation":0,"texture":"#bbb80463-07cb-07c1-9b8a-9adfa462a1d7","tintindex":0},"south":{"uv":[1.9375,5.375,2.5,5.8125],"rotation":0,"texture":"#bbb80463-07cb-07c1-9b8a-9adfa462a1d7","tintindex":0},"up":{"uv":[6.0,0.4375,5.4375,0.0],"rotation":0,"texture":"#bbb80463-07cb-07c1-9b8a-9adfa462a1d7","tintindex":0},"west":{"uv":[5.5625,2.625,6.0,3.0625],"rotation":0,"texture":"#bbb80463-07cb-07c1-9b8a-9adfa462a1d7","tintindex":0}}},{"name":"cube","from":[6.6670494,4.1725264,6.056162],"to":[9.302764,7.354669,9.238304],"rotation":{"angle":-45.0,"axis":"x","origin":[7.8456206,5.126098,3.8061619]},"faces":{"down":{"uv":[5.5,3.875,5.0,4.4375],"rotation":0,"texture":"#bbb80463-07cb-07c1-9b8a-9adfa462a1d7","tintindex":0},"east":{"uv":[4.0,4.6875,4.5625,5.25],"rotation":0,"texture":"#bbb80463-07cb-07c1-9b8a-9adfa462a1d7","tintindex":0},"north":{"uv":[2.5,4.875,3.0,5.4375],"rotation":0,"texture":"#bbb80463-07cb-07c1-9b8a-9adfa462a1d7","tintindex":0},"south":{"uv":[3.0,4.875,3.5,5.4375],"rotation":0,"texture":"#bbb80463-07cb-07c1-9b8a-9adfa462a1d7","tintindex":0},"up":{"uv":[5.125,5.5,4.625,4.9375],"rotation":0,"texture":"#bbb80463-07cb-07c1-9b8a-9adfa462a1d7","tintindex":0},"west":{"uv":[4.875,0.0,5.4375,0.5625],"rotation":0,"texture":"#bbb80463-07cb-07c1-9b8a-9adfa462a1d7","tintindex":0}}}],"display":{"head":{"translation":[0.0,-6.4,-59.291256],"rotation":[0.0,0.0,0.0],"scale":[3.7333333,3.7333333,3.7333333]},"gui":{"translation":[0.0,0.0,0.0],"rotation":[35.0,225.0,0.0],"scale":[0.625,0.625,0.625]}}}