{"data":68,"parent":"item/generated","textures":{"layer0":"item/leather_horse_armor"},"overrides":[{"predicate":{"custom_model_data":1},"model":"modelengine:mimic/lid_rotation"},{"predicate":{"custom_model_data":2},"model":"modelengine:mimic/knob_rotation"},{"predicate":{"custom_model_data":3},"model":"modelengine:mimic/base_rotation"},{"predicate":{"custom_model_data":4},"model":"modelengine:righthand/thumb_second_joint"},{"predicate":{"custom_model_data":5},"model":"modelengine:righthand/thumb_first_joint"},{"predicate":{"custom_model_data":6},"model":"modelengine:righthand/thumb"},{"predicate":{"custom_model_data":7},"model":"modelengine:righthand/thumb_metacarpophalangeal_joint"},{"predicate":{"custom_model_data":8},"model":"modelengine:righthand/little_finger_second_joint"},{"predicate":{"custom_model_data":9},"model":"modelengine:righthand/little_finger_first_joint"},{"predicate":{"custom_model_data":10},"model":"modelengine:righthand/little_finger"},{"predicate":{"custom_model_data":11},"model":"modelengine:righthand/little_finger_metacarpophalangeal_joint"},{"predicate":{"custom_model_data":12},"model":"modelengine:righthand/ring_finger_second_joint"},{"predicate":{"custom_model_data":13},"model":"modelengine:righthand/ring_finger_first_joint"},{"predicate":{"custom_model_data":14},"model":"modelengine:righthand/ring_finger"},{"predicate":{"custom_model_data":15},"model":"modelengine:righthand/ring_finger_metacarpophalangeal_joint"},{"predicate":{"custom_model_data":16},"model":"modelengine:righthand/middle_finger_second_joint"},{"predicate":{"custom_model_data":17},"model":"modelengine:righthand/middle_finger_first_joint"},{"predicate":{"custom_model_data":18},"model":"modelengine:righthand/middle_finger"},{"predicate":{"custom_model_data":19},"model":"modelengine:righthand/middle_finger_metacarpophalangeal_joint"},{"predicate":{"custom_model_data":20},"model":"modelengine:righthand/index_finger_second_joint"},{"predicate":{"custom_model_data":21},"model":"modelengine:righthand/index_finger_first_joint"},{"predicate":{"custom_model_data":22},"model":"modelengine:righthand/index_finger"},{"predicate":{"custom_model_data":23},"model":"modelengine:righthand/index_finger_metacarpophalangeal_joint"},{"predicate":{"custom_model_data":24},"model":"modelengine:righthand/palm"},{"predicate":{"custom_model_data":25},"model":"modelengine:rockyhand/thumb_second_joint"},{"predicate":{"custom_model_data":26},"model":"modelengine:rockyhand/thumb_first_joint"},{"predicate":{"custom_model_data":27},"model":"modelengine:rockyhand/thumb"},{"predicate":{"custom_model_data":28},"model":"modelengine:rockyhand/thumb_metacarpophalangeal_joint"},{"predicate":{"custom_model_data":29},"model":"modelengine:rockyhand/index_finger_second_joint"},{"predicate":{"custom_model_data":30},"model":"modelengine:rockyhand/index_finger_first_joint"},{"predicate":{"custom_model_data":31},"model":"modelengine:rockyhand/index_finger"},{"predicate":{"custom_model_data":32},"model":"modelengine:rockyhand/index_finger_metacarpophalangeal_joint"},{"predicate":{"custom_model_data":33},"model":"modelengine:rockyhand/middle_finger_second_joint"},{"predicate":{"custom_model_data":34},"model":"modelengine:rockyhand/middle_finger_first_joint"},{"predicate":{"custom_model_data":35},"model":"modelengine:rockyhand/middle_finger"},{"predicate":{"custom_model_data":36},"model":"modelengine:rockyhand/middle_finger_metacarpophalangeal_joint"},{"predicate":{"custom_model_data":37},"model":"modelengine:rockyhand/ring_finger_second_joint"},{"predicate":{"custom_model_data":38},"model":"modelengine:rockyhand/ring_finger_first_joint"},{"predicate":{"custom_model_data":39},"model":"modelengine:rockyhand/ring_finger"},{"predicate":{"custom_model_data":40},"model":"modelengine:rockyhand/ring_finger_metacarpophalangeal_joint"},{"predicate":{"custom_model_data":41},"model":"modelengine:rockyhand/little_finger_second_joint"},{"predicate":{"custom_model_data":42},"model":"modelengine:rockyhand/little_finger_first_joint"},{"predicate":{"custom_model_data":43},"model":"modelengine:rockyhand/little_finger"},{"predicate":{"custom_model_data":44},"model":"modelengine:rockyhand/little_finger_metacarpophalangeal_joint"},{"predicate":{"custom_model_data":45},"model":"modelengine:rockyhand/palm"},{"predicate":{"custom_model_data":46},"model":"modelengine:steve/left_arm"},{"predicate":{"custom_model_data":47},"model":"modelengine:steve/head"},{"predicate":{"custom_model_data":48},"model":"modelengine:steve/chest"},{"predicate":{"custom_model_data":49},"model":"modelengine:steve/right_arm"},{"predicate":{"custom_model_data":50},"model":"modelengine:steve/up2"},{"predicate":{"custom_model_data":51},"model":"modelengine:steve/down2"},{"predicate":{"custom_model_data":52},"model":"modelengine:steve/up"},{"predicate":{"custom_model_data":53},"model":"modelengine:steve/down"},{"predicate":{"custom_model_data":54},"model":"modelengine:takatronix/right_leg"},{"predicate":{"custom_model_data":55},"model":"modelengine:takatronix/left_leg"},{"predicate":{"custom_model_data":56},"model":"modelengine:takatronix/right_arm"},{"predicate":{"custom_model_data":57},"model":"modelengine:takatronix/left_arm"},{"predicate":{"custom_model_data":58},"model":"modelengine:takatronix/head"},{"predicate":{"custom_model_data":59},"model":"modelengine:takatronix/chest"},{"predicate":{"custom_model_data":60},"model":"modelengine:test/group"},{"predicate":{"custom_model_data":61},"model":"modelengine:test/asi"},{"predicate":{"custom_model_data":62},"model":"modelengine:test/group"},{"predicate":{"custom_model_data":63},"model":"modelengine:tororo1066/leftleg"},{"predicate":{"custom_model_data":64},"model":"modelengine:tororo1066/rightleg"},{"predicate":{"custom_model_data":65},"model":"modelengine:tororo1066/leftarm"},{"predicate":{"custom_model_data":66},"model":"modelengine:tororo1066/rightarm"},{"predicate":{"custom_model_data":67},"model":"modelengine:tororo1066/body"},{"predicate":{"custom_model_data":68},"model":"modelengine:tororo1066/head"}]}