{"data":8,"parent":"item/generated","textures":{"layer0":"item/leather_horse_armor"},"overrides":[{"predicate":{"custom_model_data":1},"model":"modelengine:steve/left_arm"},{"predicate":{"custom_model_data":2},"model":"modelengine:steve/head"},{"predicate":{"custom_model_data":3},"model":"modelengine:steve/chest"},{"predicate":{"custom_model_data":4},"model":"modelengine:steve/right_arm"},{"predicate":{"custom_model_data":5},"model":"modelengine:steve/up2"},{"predicate":{"custom_model_data":6},"model":"modelengine:steve/down2"},{"predicate":{"custom_model_data":7},"model":"modelengine:steve/up"},{"predicate":{"custom_model_data":8},"model":"modelengine:steve/down"}]}